11,Διαβούλευση για το σχέδιο νόμου υπό τον τίτλο: «Ενιαίο ρυθμιστικό πλαίσιο για την οργάνωση και λειτουργία του Ελληνικού Γεωργικού Οργανισμού-ΔΗΜΗΤΡΑ»,http://www.opengov.gr/ypaat/?p=2903,895,"Ενιαίο ρυθμιστικό πλαίσιο για την οργάνωση και λειτουργία του Ελληνικού Γεωργικού Οργανισμού - ΔΗΜΗΤΡΑ, σύσταση και λειτουργία φορέα διαχείρισης Παραδοσιακού Ελαιώνα Άμφισσας και άλλες διατάξεις για την ενίσχυση της αγροτικής ανάπτυξης",76 Α΄/28.03.2023 ,https://www.hellenicparliament.gr/Nomothetiko-Ergo/Anazitisi-Nomothetikou-Ergou?law_id=5f8d6be2-62e5-47fc-b44f-afc50006bcb4
12,Δημόσια διαβούλευση για το σχέδιο νόμου του Υπουργείου Παιδείας και Θρησκευμάτων με τίτλο « «Ζούμε Αρμονικά Μαζί – Σπάμε τη Σιωπή»: Ρυθμίσεις για την πρόληψη και αντιμετώπιση της βίας και του εκφοβισμού στα σχολεία και άλλες διατάξεις»,http://www.opengov.gr/ypepth/?p=6049,896,«Ζούμε Αρμονικά Μαζί - Σπάμε τη Σιωπή»: Ρυθμίσεις για την πρόληψη και αντιμετώπιση της βίας και του εκφοβισμού στα σχολεία και άλλες διατάξεις,55 Α΄/10.03.2023 ,https://www.hellenicparliament.gr/Nomothetiko-Ergo/Anazitisi-Nomothetikou-Ergou?law_id=a50c4e75-abee-43a8-ac4c-afb10181161b
13,"Δημόσια διαβούλευση για τη νομοθετική πρωτοβουλία του Υπουργείου Εσωτερικών, υπό τον τίτλο: «Σύστημα Καινοτομίας στον δημόσιο τομέα – Ρυθμίσεις Γενικής Γραμματείας Ανθρωπίνου Δυναμικού Δημοσίου Τομέα – Ρυθμίσεις για τη λειτουργία των Ο.Τ.Α. α΄ και β’ βαθμού και των αποκεντρωμένων διοικήσεων και για την ευζωία των ζώων συντροφιάς – Λοιπές επείγουσες ρυθμίσεις του Υπουργείου Εσωτερικών».",http://www.opengov.gr/ypes/?p=8661,897,Σύστημα Καινοτομίας στον δημόσιο τομέα - Ρυθμίσεις Γενικής Γραμματείας Ανθρωπίνου Δυναμικού Δημοσίου Τομέα - Ρυθμίσεις για τη λειτουργία των Ο.Τ.Α. α΄ και β’ βαθμού και των αποκεντρωμένων διοικήσεων και για την ευζωία των ζώων συντροφιάς - Λοιπές επείγουσες ρυθμίσεις του Υπουργείου Εσωτερικών και άλλες διατάξεις.,48 Α΄/02.03.2023 ,https://www.hellenicparliament.gr/Nomothetiko-Ergo/Anazitisi-Nomothetikou-Ergou?law_id=50a6ba2f-be3f-4295-a11b-afad000c8999
16,"Ολοκλήρωση της δημόσιας διαβούλευσης επί του σχεδίου νόμου του Υπουργείου Πολιτισμού και Αθλητισμού με τίτλο:«Εκσυγχρονισμός της μουσειακής πολιτικής και ζητημάτων διαχείρισης της πολιτιστικής κληρονομιάς: ίδρυση μουσείων-ν.π.δ.δ., κρατική ασφάλιση της κινητικότητας των πολιτιστικών αγαθών, δράσεις του Ο.Δ.Α.Π. και του Μουσείου Ακρόπολης, ρυθμίσεις ποινικής προστασίας της πολιτιστικής κληρονομιάς, Συμβούλια του Υπουργείου Πολιτισμού και Αθλητισμού, Μητρώο Προσωπικού Αρχαιολογικών Εργασιών και λοιπές διατάξεις σχετικά με το προσωπικό τουΥπουργείου Πολιτισμού και Αθλητισμού και την αντιμετώπιση των συνεπειών της πανδημίας στον  πολιτισμό»",http://www.opengov.gr/cultureathl/?p=8979,898,"Εκσυγχρονισμός της μουσειακής πολιτικής και ζητημάτων διαχείρισης της πολιτιστικής κληρονομιάς: ίδρυση μουσείων-ν.π.δ.δ., κρατική ασφάλιση της κινητικότητας των πολιτιστικών αγαθών, δράσεις του Ο.Δ.Α.Π. και του Μουσείου Ακρόπολης, ρυθμίσεις ποινικής προστασίας της πολιτιστικής κληρονομιάς, Συμβούλια του Υπουργείου Πολιτισμού και Αθλητισμού, Μητρώο ΠροσωπικούΑρχαιολογικών Εργασιών και λοιπές διατάξεις σχετικά με το προσωπικό του Υπουργείου Πολιτισμού και Αθλητισμού και την αντιμετώπιση των συνεπειών της πανδημίας στον πολιτισμό",31 Α/15.02.2023,https://www.hellenicparliament.gr/Nomothetiko-Ergo/Anazitisi-Nomothetikou-Ergou?law_id=eaf52e69-9ed9-4b3d-bbd6-af9c01714e52
19,"Δημόσια ηλεκτρονική διαβούλευση για το σχέδιο νόμου με τίτλο «Μέριμνα υπέρ του προσωπικού των Ενόπλων Δυνάμεων, εξορθολογισμός της νομοθεσίας των Ενόπλων Δυνάμεων, οργάνωση της Εθνοφυλακής και άλλες διατάξεις»",http://www.opengov.gr/mindefence/?p=6892,900,"Μέριμνα υπέρ του προσωπικού των Ενόπλων Δυνάμεων, εξορθολογισμός της νομοθεσίας των Ενόπλων Δυνάμεων, οργάνωση της Εθνοφυλακής και άλλες διατάξεις.",25 Α΄/09.02.2023,https://www.hellenicparliament.gr/Nomothetiko-Ergo/Anazitisi-Nomothetikou-Ergou?law_id=d95212c8-ccdc-4f6f-bafb-af89018b3495
20,Ολοκλήρωση δημόσιας ηλεκτρονικής διαβούλευσης για το σχέδιο νόμου «Ολοκληρωμένο Σύστημα Παροχής Ανακουφιστικής Φροντίδας – Ρυθμίσεις για την αντιμετώπιση της πανδημίας του κορωνοϊού COVID-19 και την προστασία της δημόσιας υγείας και λοιπές διατάξεις»,http://www.opengov.gr/yyka/?p=3835,901,Ολοκληρωμένο Σύστημα Παροχής Ανακουφιστικής Φροντίδας - Ρυθμίσεις για την αντιμετώπιση της πανδημίας του κορωνοϊού COVID-19 και την προστασία της δημόσιας υγείας και άλλες επείγουσες ρυθμίσεις,241 Α΄/23.12.2022,https://www.hellenicparliament.gr/Nomothetiko-Ergo/Anazitisi-Nomothetikou-Ergou?law_id=60d57e5e-cf04-4427-af0c-af6b016015f5
23,Δημόσια ηλεκτρονική διαβούλευση επί του σχεδίου νόμου: «Πολυεπίπεδη διακυβέρνηση και διαχείριση κινδύνων στον δημόσιο τομέα»,http://www.opengov.gr/ypes/?p=8552,902,Πολυεπίπεδη διακυβέρνηση και διαχείριση κινδύνων στον δημόσιο τομέα,12 Α/19.1.2023,https://www.hellenicparliament.gr/Nomothetiko-Ergo/Anazitisi-Nomothetikou-Ergou?law_id=b29f8db5-bd70-493d-9805-af81013207f9
24,"Δημόσια ηλεκτρονική διαβούλευση επί του σχεδίου νόμου του Υπουργείου Εσωτερικών υπό τον τίτλο: «Δημοτική Αστυνομία, Φορείς Λαϊκών Αγορών, Απλούστευση διαδικασιών μεταξύ Ο.Τ.Α. και Αποκεντρωμένων Διοικήσεων και λοιπές ρυθμίσεις του Υπουργείου Εσωτερικών»",http://www.opengov.gr/ypes/?p=8496,903,"Δημοτική Αστυνομία, Φορείς Λαϊκών Αγορών, απλούστευση διαδικασιών μεταξύ Ο.Τ.Α. και Αποκεντρωμένων Διοικήσεων, ρυθμίσεις εξομάλυνσης της εκλογικής διαδικασίας κατοίκων εξωτερικού και λοιπές ρυθμίσεις.",230 Α/14.12.2022,https://www.hellenicparliament.gr/Nomothetiko-Ergo/Anazitisi-Nomothetikou-Ergou?law_id=9172df16-59c2-4081-9e7f-af600026434b
25,Ολοκλήρωση της δημόσιας ηλεκτρονικής διαβούλευσης για το Εθνικό Σχέδιο Δράσης για την Προστασία των Παιδιών από τη Σεξουαλική Κακοποίηση και Εκμετάλλευση – 2022-2027,http://www.opengov.gr/ypep/?p=817,904,"Ομολογιακά δάνεια, τιτλοποίηση απαιτήσεων και απαιτήσεων από ακίνητα και άλλες διατάξεις.ΕΙΣΗΓΗΤΕΣ: Α. Μακρυπίδης, Σ. Κούβελας.",157 Α'/25.06.2003,https://www.hellenicparliament.gr/Nomothetiko-Ergo/Anazitisi-Nomothetikou-Ergou?law_id=07ad51bf-43d4-4ada-aa82-845cdeb327a0
27,"Διαβούλευση επί του σχεδίου νόμου: «Δευτεροβάθμια περίθαλψη, ιατρική εκπαίδευση και λοιπές διατάξεις αρμοδιότητας του Υπουργείου Υγείας»",http://www.opengov.gr/yyka/?p=3687,905,"Δευτεροβάθμια περίθαλψη, ιατρική εκπαίδευση, μισθολογικές ρυθμίσεις για τους ιατρούς και οδοντιάτρους του Εθνικού Συστήματος Υγείας και λοιπές διατάξεις αρμοδιότητας του Υπουργείου Υγείας.",225 Α/7.12.2022,https://www.hellenicparliament.gr/Nomothetiko-Ergo/Anazitisi-Nomothetikou-Ergou?law_id=e1102a38-9339-4e09-9796-af560166c253
29,"Ολοκλήρωση δημόσιας ηλεκτρονικής διαβούλευσης για το σχέδιο νόμου «Εξορθολογισμός ασφαλιστικής και συνταξιοδοτικής νομοθεσίας, ενίσχυση ευάλωτων κοινωνικών ομάδων και άλλες διατάξεις»",http://www.opengov.gr/minlab/?p=5793,907,"Εξορθολογισμός ασφαλιστικής και συνταξιοδοτικής νομοθεσίας, ενίσχυση ευάλωτων κοινωνικών ομάδων και άλλες διατάξεις.",219Α΄/25.11.2022,https://www.hellenicparliament.gr/Nomothetiko-Ergo/Anazitisi-Nomothetikou-Ergou?law_id=03f6f5f0-d047-4092-bcdf-af4f00f32944
30,Εθνικός Μηχανισμός Εναέριας Έρευνας και Διάσωσης: Θεοφάνης Ερμής Θεοχαρόπουλος,http://www.opengov.gr/civilprotection/?p=7052,908,"Εθνικός Μηχανισμός Εναέριας Έρευνας και Διάσωσης ''Θεοφάνης Ερμής Θεοχαρόπουλος'', διατάξεις για τη λειτουργία του Οργανισμού Αντισεισμικού Σχεδιασμού και Προστασίας και άλλες επείγουσες ρυθμίσεις.",208 Α/4.11.2022,https://www.hellenicparliament.gr/Nomothetiko-Ergo/Anazitisi-Nomothetikou-Ergou?law_id=ca3df2c1-323f-4fb8-9aa0-af35012f73d3
33,Ενίσχυση δημοσιότητας και διαφάνειας στον έντυπο και ηλεκτρονικό τύπο – Σύσταση Ηλεκτρονικών Μητρώων Έντυπου και Ηλεκτρονικού Τύπου και λοιπές ρυθμίσεις αρμοδιότητας της Γενικής Γραμματείας Επικοινωνίας και Ενημέρωσης,http://www.opengov.gr/ggee/?p=7067,911,Ενίσχυση δημοσιότητας και διαφάνειας στον έντυπο και ηλεκτρονικό Τύπο - Σύσταση ηλεκτρονικών μητρώων έντυπου και ηλεκτρονικού Τύπου και λοιπές ρυθμίσεις αρμοδιότητας της Γενικής Γραμματείας Επικοινωνίας και Ενημέρωσης,236 Α΄/21.12.2022,https://www.hellenicparliament.gr/Nomothetiko-Ergo/Anazitisi-Nomothetikou-Ergou?law_id=d7ac8792-1fde-4a04-b941-af630137b50b
34,Ολοκλήρωση δημόσιας διαβούλευσης επί της νομοθετικής πρωτοβουλίας του Υπουργείου Υποδομών και Μεταφορών υπό τον τίτλο: «Δημόσιες υπεραστικές και αστικές τακτικές οδικές μεταφορές επιβατών»,http://www.opengov.gr/yme/?p=4872,912,Διατάξεις για τις δημόσιες υπεραστικές και αστικές τακτικές οδικές μεταφορές επιβατών - Αναδιοργάνωση των εταιρειών ΟΣΕ Α.Ε. και ΕΡΓΟΣΕ Α.Ε. και λοιπές διατάξεις.,185 Α/29.09.2022,https://www.hellenicparliament.gr/Nomothetiko-Ergo/Anazitisi-Nomothetikou-Ergou?law_id=1ca9f2cd-8093-4dab-9df2-af17017e7768
36,"Δημόσια ηλεκτρονική διαβούλευση επί της νομοθετικής πρωτοβουλίας του Υπουργείου Προστασίας του Πολίτη υπό τον τίτλο «Αναβάθμιση της αστυνομικής εκπαίδευσης, αναμόρφωση του πλαισίου οργάνωσης και λειτουργίας της Σχολής Αξιωματικών της Ελληνικής Αστυνομίας»",http://www.opengov.gr/yptp/?p=3118,914,"Αναβάθμιση της αστυνομικής εκπαίδευσης, αναμόρφωση του πλαισίου οργάνωσης και λειτουργίας της Σχολής Αξιωματικών της Ελληνικής Αστυνομίας και άλλες ρυθμίσεις του Υπουργείου Προστασίας του Πολίτη.",148Α΄/28.07.2022,https://www.hellenicparliament.gr/Nomothetiko-Ergo/Anazitisi-Nomothetikou-Ergou?law_id=c0238679-0a52-4f31-8f34-aed6017ca513
37,"Αναδυόμενες τεχνολογίες πληροφορικής και επικοινωνιών, ενίσχυση της ψηφιακής διακυβέρνησης και άλλες διατάξεις",http://www.opengov.gr/digitalandbrief/?p=2891,915,"Αναδυόμενες τεχνολογίες πληροφορικής και επικοινωνιών, ενίσχυση της ψηφιακής διακυβέρνησης και άλλες διατάξεις",146 Α΄/ 27.7.2022,https://www.hellenicparliament.gr/Nomothetiko-Ergo/Anazitisi-Nomothetikou-Ergou?law_id=378368f0-101d-444a-8a45-aed3015b2ad4
38,Ολοκλήρωση της δημόσιας διαβούλευσης επί του σχεδίου νόμου «Μεταρρυθμίσεις στην ιατρικώς υποβοηθούμενη αναπαραγωγή»,http://www.opengov.gr/yyka/?p=3446,916,Μεταρρυθμίσεις στην ιατρικώς υποβοηθούμενη αναπαραγωγή και άλλες επείγουσες ρυθμίσεις.,142 Α'/21.07.2022,https://www.hellenicparliament.gr/Nomothetiko-Ergo/Anazitisi-Nomothetikou-Ergou?law_id=18a9c9d1-3e66-4604-ad8e-aecc0180f568
39,"Διαβούλευση επί της νομοθετικής πρωτοβουλίας του Υπουργείου Μετανάστευσης και Ασύλου, υπό τον τίτλο: «Εθνικό Σύστημα επιτροπείας ασυνόδευτων ανήλικων και πλαίσιο φιλοξενίας ασυνόδευτων ανήλικων»",http://www.opengov.gr/immigration/?p=1673,917,Εθνικό Σύστημα Επιτροπείας και Πλαίσιο Φιλοξενίας Ασυνόδευτων Ανηλίκων και άλλες διατάξεις αρμοδιότητας του Υπουργείου Μετανάστευσης και Ασύλου.,145Α΄/22.07.2022,https://www.hellenicparliament.gr/Nomothetiko-Ergo/Anazitisi-Nomothetikou-Ergou?law_id=03ba438b-4842-4434-8628-aed0012ac5e7
43,"Δημόσια διαβούλευση επί του σχεδίου νόμου με τίτλο «Νέοι Ορίζοντες στα Ανώτατα Εκπαιδευτικά Ιδρύματα: Ενίσχυση της ποιότητας, της λειτουργικότητας και της σύνδεσης των ΑΕΙ με την κοινωνία και άλλες διατάξεις»",http://www.opengov.gr/ypepth/?p=5958,919,"Νέοι Ορίζοντες στα Ανώτατα Εκπαιδευτικά Ιδρύματα: Ενίσχυση της ποιότητας, της λειτουργικότητας και της σύνδεσης των Α.Ε.Ι. με την κοινωνία και λοιπές διατάξεις",141 Α'/21.07.2022,https://www.hellenicparliament.gr/Nomothetiko-Ergo/Anazitisi-Nomothetikou-Ergou?law_id=8482635b-f32b-4824-8cc3-aec90024bc7e
45,ΨΗΦΙΟΠΟΙΗΣΗ ΤΩΝ ΔΙΑΔΙΚΑΣΙΩΝ ΕΠΙΔΟΣΕΩΝ ΕΓΓΡΑΦΩΝ ΚΑΙ ΑΠΟΔΕΣΜΕΥΣΗ ΤΗΣ ΕΛΛΗΝΙΚΗΣ ΑΣΤΥΝΟΜΙΑΣ ΑΠΟ ΤΗ ΔΙΕΝΕΡΓΕΙΑ ΕΠΙΔΟΣΕΩΝ ΕΓΓΡΑΦΩΝ ΤΗΣ ΠΟΙΝΙΚΗΣ ΚΑΙ ΠΟΛΙΤΙΚΗΣ ΔΙΚΗΣ ΚΑΙ ΛΟΙΠΕΣ ΕΠΕΙΓΟΥΣΕΣ ΔΙΑΤΑΞΕΙΣ,http://www.opengov.gr/yptp/?p=3038,920,Ψηφιοποίηση των διαδικασιών επιδόσεων εγγράφων και αποδέσμευση της Ελληνικής Αστυνομίας από τη διενέργεια επιδόσεων εγγράφων της ποινικής και πολιτικής δίκης και λοιπές επείγουσες διατάξεις.,106 A'/02.06.2022,https://www.hellenicparliament.gr/Nomothetiko-Ergo/Anazitisi-Nomothetikou-Ergou?law_id=37bdfe5f-df8c-454a-85c6-ae9e0129a75a
46,"Διαβούλευση επί του σχεδίου νόμου του Υπουργείου Εσωτερικών «Σύστημα στοχοθεσίας, αξιολόγησης και ανταμοιβής για την ενίσχυση της αποτελεσματικότητας της δημόσιας διοίκησης και άλλες διατάξεις για το ανθρώπινο δυναμικό του δημοσίου τομέα»",http://www.opengov.gr/ypes/?p=8286,921,"Σύστημα στοχοθεσίας, αξιολόγησης και ανταμοιβής για την ενίσχυση της  αποτελεσματικότητας της δημόσιας διοίκησης και άλλες διατάξεις για το ανθρώπινο δυναμικό του δημοσίου τομέα",112 A'/14.06.2022,https://www.hellenicparliament.gr/Nomothetiko-Ergo/Anazitisi-Nomothetikou-Ergou?law_id=d242a5ba-25b2-4589-a691-aea600e39ee6
49,"Ολοκλήρωση της δημόσιας διαβούλευσης για το σχέδιο νόμου «Δουλειές Ξανά: Αναδιοργάνωση Δημόσιας Υπηρεσίας Απασχόλησης και ψηφιοποίηση των υπηρεσιών της, αναβάθμιση δεξιοτήτων εργατικού δυναμικού και διάγνωσης των αναγκών εργασίας και άλλες διατάξεις»",http://www.opengov.gr/minlab/?p=5611,922,"Δουλειές Ξανά: Αναδιοργάνωση Δημόσιας Υπηρεσίας Απασχόλησης και ψηφιοποίηση των υπηρεσιών της, αναβάθμιση δεξιοτήτων εργατικού δυναμικού και διάγνωσης των αναγκών εργασίας και άλλες διατάξεις.",75 A'/18.04.2022,https://www.hellenicparliament.gr/Nomothetiko-Ergo/Anazitisi-Nomothetikou-Ergou?law_id=35414fb2-f55e-405b-81c6-ae6e01849e18
54,Ολοκλήρωση της δημόσιας διαβούλευσης για το νομοσχέδιο «ΕΚΣΥΓΧΡΟΝΙΣΜΟΣ ΤΟΥ ΗΛΕΚΤΡΟΝΙΚΟΥ ΕΘΝΙΚΟΥ ΦΟΡΕΑ ΚΟΙΝΩΝΙΚΗΣ ΑΣΦΑΛΙΣΗΣ»,http://www.opengov.gr/minlab/?p=5508,925,Εκσυγχρονισμός του Ηλεκτρονικού Εθνικού Φορέα Κοινωνικής Ασφάλισης και άλλες επείγουσες διατάξεις.,28 Α'/22.02.2022,https://www.hellenicparliament.gr/Nomothetiko-Ergo/Anazitisi-Nomothetikou-Ergou?law_id=45ad79fd-5dd7-4724-89f2-ae3701549600
62,Ολοκλήρωση της δημόσιας διαβούλευσης επί του σχεδίου νόμου «Μέτρα διευκόλυνσης και εκσυγχρονισμού της ίδρυσης και λειτουργίας κτηνοτροφικών εγκαταστάσεων»,http://www.opengov.gr/ypaat/?p=2841,926,"Μέτρα διευκόλυνσης και εκσυγχρονισμού της ίδρυσης και λειτουργίας κτηνοτροφικών εγκαταστάσεων, διατάξεις για τη διενέργεια ελέγχωνκαι την επιβολή κυρώσεων και άλλες επείγουσες ρυθμίσεις.",228 Α/27.11.2021,https://www.hellenicparliament.gr/Nomothetiko-Ergo/Anazitisi-Nomothetikou-Ergou?law_id=36a88f9f-eabb-4a86-a48e-ade1013ed2ac
63,ΟΛΟΚΛΗΡΩΣΗ ΤΗΣ ΔΗΜΟΣΙΑΣ ΔΙΑΒΟΥΛΕΥΣΗΣ,http://www.opengov.gr/aade/?p=211,1007,"Ομολογιακά δάνεια, τιτλοποίηση απαιτήσεων και απαιτήσεων από ακίνητα και άλλες διατάξεις.ΕΙΣΗΓΗΤΕΣ: Α. Μακρυπίδης, Σ. Κούβελας.",157 Α'/25.06.2003,https://www.hellenicparliament.gr/Nomothetiko-Ergo/Anazitisi-Nomothetikou-Ergou?law_id=07ad51bf-43d4-4ada-aa82-845cdeb327a0
66,"Ενίσχυση διαφάνειας και λογοδοσίας σε θεσμικούς φορείς της Πολιτείας, αποκατάσταση ακεραιότητας Ενιαίου Συστήματος Κινητικότητας και λοιπές διατάξεις του Υπουργείου Εσωτερικών",http://www.opengov.gr/ypes/?p=8011,927,"Ενίσχυση διαφάνειας και λογοδοσίας σε θεσμικούς φορείς της Πολιτείας, αποκατάσταση της ακεραιότητας του Ενιαίου Συστήματος Κινητικότητας και λοιπές διατάξεις.",166 A'/10.09.2021,https://www.hellenicparliament.gr/Nomothetiko-Ergo/Anazitisi-Nomothetikou-Ergou?law_id=99af96f7-46a3-42d5-81b1-ad94013dbafd
67,"Δημόσια ηλεκτρονική διαβούλευση το σχέδιο νόμου με τίτλο: «Εκσυγχρονισμός του Ελληνικού Κτηματολογίου, νέες ψηφιακές υπηρεσίες και ενίσχυση της ψηφιακής διακυβέρνησης»",http://www.opengov.gr/digitalandbrief/?p=2704,928,"Εκσυγχρονισμός του Ελληνικού Κτηματολογίου, νέες ψηφιακές υπηρεσίες και ενίσχυση της ψηφιακής διακυβέρνησης και άλλες διατάξεις.",134 A'/31.07.2021,https://www.hellenicparliament.gr/Nomothetiko-Ergo/Anazitisi-Nomothetikou-Ergou?law_id=d78212b4-e1f0-48d9-9a7f-ad6b016a73d4
68,"Δημόσια διαβούλευση επί του σχεδίου νόμου με τίτλο «Αναβάθμιση του σχολείου, ενδυνάμωση των εκπαιδευτικών και άλλες διατάξεις»",http://www.opengov.gr/ypepth/?p=5916,929,"Αναβάθμιση του σχολείου, ενδυνάμωση των εκπαιδευτικών και άλλες διατάξεις",136 A'/03.08.2021,https://www.hellenicparliament.gr/Nomothetiko-Ergo/Anazitisi-Nomothetikou-Ergou?law_id=d7129c6d-7420-4ef8-b5dd-ad670188c0d4
69,"Δημόσια ηλεκτρονική διαβούλευση για το σχέδιο νόμου του Υπουργείου Εργασίας και Κοινωνικών Υποθέσεων με τίτλο: «Ασφαλιστική Μεταρρύθμιση για τη Νέα Γενιά: εισαγωγή κεφαλαιοποιητικού συστήματος προκαθορισμένων εισφορών στην επικουρική ασφάλιση, ίδρυση, οργάνωση και λειτουργία Ταμείου Επικουρικής Κεφαλαιοποιητικής Ασφάλισης και συναφείς διατάξεις»",http://www.opengov.gr/minlab/?p=5238,930,"Ασφαλιστική Μεταρρύθμιση για τη Νέα Γενιά: εισαγωγή κεφαλαιοποιητικού συστήματος προκαθορισμένων εισφορών στην επικουρική ασφάλιση, ίδρυση, οργάνωση και λειτουργία Ταμείου Επικουρικής Κεφαλαιοποιητικής Ασφάλισης και άλλες επείγουσες ρυθμίσεις.",160 A'/07.09.2021,https://www.hellenicparliament.gr/Nomothetiko-Ergo/Anazitisi-Nomothetikou-Ergou?law_id=a08b40c8-02d3-4eee-b1b7-ad6f001c5f21
70,"Ολοκλήρωση της διαδικασίας της δημόσιας ηλεκτρονικής διαβούλευσης επί του σχεδίου νόμου  «Αναμόρφωση διαδικασιών απελάσεων και επιστροφών πολιτών τρίτων χωρών, ζητήματα αδειών διαμονής και διαδικασιών χορήγησης διεθνούς προστασίας και άλλες διατάξεις αρμοδιότητας Υπουργείου Μετανάστευσης και Ασύλου και Υπουργείου Προστασίας του Πολίτη»",http://www.opengov.gr/immigration/?p=1538,931,"Αναμόρφωση διαδικασιών απελάσεων και επιστροφών πολιτών τρίτων χωρών, προσέλκυση επενδυτών και ψηφιακών νομάδων, ζητήματα αδειών διαμονής και διαδικασιών χορήγησης διεθνούς προστασίας, διατάξεις αρμοδιότητας Υπουργείου Μετανάστευσης και Ασύλου και Υπουργείου Προστασίας του Πολίτη και άλλες επείγουσες διατάξεις.",157 A'/04.09.2021,https://www.hellenicparliament.gr/Nomothetiko-Ergo/Anazitisi-Nomothetikou-Ergou?law_id=a76e3739-8965-4477-b110-ad8f00cfe1e8
71,"Διαβούλευση επί του σχεδίου νόμου «Οργανισμοί Διαχείρισης και Προώθησης Προορισμού, Ιαματικές Πηγές Ελλάδας, Ναυάγιο Ζακύνθου, διατάξεις για τα τουριστικά γραφεία, τις τουριστικές επιχειρήσεις και τα τουριστικά καταλύματα και άλλες ρυθμίσεις για την τουριστική ανάπτυξη»",http://www.opengov.gr/tourism/?p=2043,932,"Πρότυποι Τουριστικοί Προορισμοί Ολοκληρωμένης Διαχείρισης, Οργανισμοί Διαχείρισης και Προώθησης Προορισμού, Ιαματικές Πηγές Ελλάδας και άλλες ρυθμίσεις για την ενίσχυση της τουριστικής ανάπτυξης .",250 Α'/23.12.2021,https://www.hellenicparliament.gr/Nomothetiko-Ergo/Anazitisi-Nomothetikou-Ergou?law_id=ac7f63d6-41e8-4891-bcfb-adfa01801661
78,"Ολοκλήρωση διαβούλευσης για το σχέδιο νόμου «Οδηγώντας με ασφάλεια: Εκσυγχρονισμός πλαισίου εκπαίδευσης και εξέτασης υποψηφίων οδηγών και οδηγών για τη χορήγηση αδειών οδήγησης οχημάτων, ρυθμίσεις για την ταξινόμηση και την κυκλοφορία οχημάτων ιστορικού ενδιαφέροντος και διατάξεις σχετικά με την οδήγηση ατόμων με αναπηρία»",http://www.opengov.gr/yme/?p=4711,933,"Οδηγώντας με ασφάλεια: Εκσυγχρονισμός πλαισίου εκπαίδευσης και εξέτασης υποψήφιων οδηγών και οδηγών για τη χορήγηση αδειών οδήγησης οχημάτων, διατάξεις σχετικά με την οδήγηση ατόμων με αναπηρία, ρυθμίσεις για την ταξινόμηση και την κυκλοφορία οχημάτων ιστορικού ενδιαφέροντος, λοιπές διατάξεις αρμοδιότητας Υπουργείου Υποδομών και Μεταφορών και άλλες επείγουσες ρυθμίσεις.",208 A'/05.11.2021,https://www.hellenicparliament.gr/Nomothetiko-Ergo/Anazitisi-Nomothetikou-Ergou?law_id=688e668e-0fb6-47cd-a599-adc6013d7efa
83,Δημόσια ηλεκτρονική διαβούλευση για τη νομοθετική πρωτοβουλία του Υπουργείου Εσωτερικών υπό τον τίτλο «Νέο πλαίσιο για την ευζωία των ζώων συντροφιάς – Πρόγραμμα ‘‘ΆΡΓΟΣ’’»,http://www.opengov.gr/ypes/?p=7919,934,"Νέο πλαίσιο για την ευζωία των ζώων συντροφιάς - Πρόγραμμα ""ΑΡΓΟΣ"" και λοιπές διατάξεις",169 A'/18.09.2021,https://www.hellenicparliament.gr/Nomothetiko-Ergo/Anazitisi-Nomothetikou-Ergou?law_id=59b7249a-7aaf-4c98-91a7-ad9b016b1215
84,Ηλεκτρονική δημόσια διαβούλευση για το σχέδιο νόμου του Υπ. Εσωτερικών «Θεσμικό πλαίσιο τηλεργασίας στον δημόσιο τομέα»,http://www.opengov.gr/ypes/?p=7851,935,"Θεσμικό πλαίσιο τηλεργασίας, διατάξεις για το ανθρώπινο δυναμικό του δημοσίου τομέα και άλλες επείγουσες ρυθμίσεις.",96 Α/11.6.2021,https://www.hellenicparliament.gr/Nomothetiko-Ergo/Anazitisi-Nomothetikou-Ergou?law_id=74c7e7bd-60b8-462f-8b9d-ad3a015becad
90,Σχέδιο νόμου «ΕΚΛΟΓΗ ΔΗΜΟΤΙΚΩΝ ΚΑΙ ΠΕΡΙΦΕΡΕΙΑΚΩΝ ΑΡΧΩΝ»,http://www.opengov.gr/ypes/?p=7629,936,Εκλογή Δημοτικών και Περιφερειακών Αρχών και λοιπές διατάξεις.,90 Α'/05.06.2021,https://www.hellenicparliament.gr/Nomothetiko-Ergo/Anazitisi-Nomothetikou-Ergou?law_id=bb107f76-8102-4e31-81a1-ad2c011ac93d
95,"Εθνική Αρχή Προσβασιμότητας, Εθνική Επιτροπή για τα Δικαιώματα του Ανθρώπου και Εθνική Επιτροπή Βιοηθικής και Τεχνοηθικής",http://www.opengov.gr/ypep/?p=742,940,"Εθνική Αρχή Προσβασιμότητας, Εθνική Επιτροπή για τα Δικαιώματα του Ανθρώπου και Εθνική Επιτροπή Βιοηθικής και Τεχνοηθικής.",30 A'/28.02.2021,https://www.hellenicparliament.gr/Nomothetiko-Ergo/Anazitisi-Nomothetikou-Ergou?law_id=4bedcd39-d210-4acc-a991-acc60156e940
100,"Εθνικό Σύστημα Επαγγελματικής Εκπαίδευσης, Κατάρτισης και Διά Βίου Μάθησης και άλλες διατάξεις",http://www.opengov.gr/ypepth/?p=5632,942,"Εθνικό Σύστημα Επαγγελματικής Εκπαίδευσης, Κατάρτισης και Διά Βίου Μάθησης, ενσωμάτωση στην ελληνική νομοθεσία της Οδηγίας (ΕΕ) 2018/958 του Ευρωπαϊκού Κοινοβουλίου και του Συμβουλίου της 28ης Ιουνίου 2018 σχετικά με τον έλεγχο αναλογικότητας πριν από τη θέσπιση νέας νομοθετικής κατοχύρωσης των επαγγελμάτων (EE L 173), κύρωση της Συμφωνίας μεταξύ της Κυβέρνησης της Ελληνικής Δημοκρατίας και της Κυβέρνησης της Ομοσπονδιακής Δημοκρατίας της Γερμανίας για το Ελληνογερμανικό Ίδρυμα Νεολαίας και άλλες διατάξεις.",254 A/21.12.2020,https://www.hellenicparliament.gr/Nomothetiko-Ergo/Anazitisi-Nomothetikou-Ergou?law_id=1ab36e57-ab80-4e29-b18b-ac8c00c30321
110,Ρυθμίσεις Σωφρονιστικής νομοθεσίας και λοιπές διατάξεις Υπουργείου Προστασίας του Πολίτη,http://www.opengov.gr/yptp/?p=2915,945,"Ρυθμίσεις σωφρονιστικής νομοθεσίας, διατάξεις για το Ταμείο Προνοίας Απασχολουμένων στα Σώματα Ασφαλείας και λοιπές διατάξεις αρμοδιότητας Υπουργείου Προστασίας του Πολίτη",247 Α/11.12.2020,https://www.hellenicparliament.gr/Nomothetiko-Ergo/Anazitisi-Nomothetikou-Ergou?law_id=8a9b9792-619b-4648-a2dc-ac830162f416
111,Εθνικό Σχέδιο Δράσης για τα Δικαιώματα των Ατόμων με Αναπηρία,http://www.opengov.gr/ypep/?p=700,946,"Οργάνωση και λειτουργία των υπηρεσιών Δημόσιας Υγείας και λοιπές διατάξεις. ΕΙΣΗΓΗΤΕΣ: Π.Μελάς, Λ. Γρηγοράκος",176 Α'/11.07.2005,https://www.hellenicparliament.gr/Nomothetiko-Ergo/Anazitisi-Nomothetikou-Ergou?law_id=909b6cf3-3ff7-46b5-9de6-68a35476e992
119,Ολοκλήρωση Δημοσίευσης Διαβούλευσης επί του σχεδίου νόμου με τίτλο «Εκσυγχρονισμός της Ιδιωτικής Εκπαίδευσης και άλλες διατάξεις»,http://www.opengov.gr/ypepth/?p=5296,948,Εκσυγχρονισμός της ιδιωτικής εκπαίδευσης και άλλες επείγουσες διατάξεις αρμοδιότητας Υπουργείου Παιδείας και Θρησκευμάτων.,147 A'/29.07.2020,https://www.hellenicparliament.gr/Nomothetiko-Ergo/Anazitisi-Nomothetikou-Ergou?law_id=31411f3b-fe9c-4461-a47c-abff00b1c2ea
120,"Ολοκλήρωση διαβούλευσης για το σχ/ν «Φορολογικές παρεμβάσεις για την ενίσχυση της αναπτυξιακής διαδικασίας της ελληνικής οικονομίας, ενσωμάτωση στην Ελληνική Νομοθεσία των Οδηγιών  (ΕΕ) 2017/1852, (ΕΕ) 2018/822, (ΕΕ) 2020/876, (ΕΕ) 2016/1164, (ΕΕ) 2018/1910 και (ΕΕ) 2019/475 και άλλες διατάξεις»",http://www.opengov.gr/minfin/?p=9312,949,"Φορολογικές παρεμβάσεις για την ενίσχυση της αναπτυξιακής διαδικασίας της ελληνικής οικονομίας, ενσωμάτωση στην ελληνική νομοθεσία των Οδηγιών (ΕΕ) 2017/1852, (ΕΕ) 2018/822, (ΕΕ) 2020/876, (ΕΕ)2016/1164, (ΕΕ) 2018/1910 και (ΕΕ) 2019/475, συνεισφορά Δημοσίου για την αποπληρωμή δανείων πληγέντων δανειοληπτών λόγω των δυσμενών συνεπειών της νόσου COVID-19 και άλλες διατάξεις.",148 A'/31.07.2020,https://www.hellenicparliament.gr/Nomothetiko-Ergo/Anazitisi-Nomothetikou-Ergou?law_id=6aaa0c68-294a-4390-963b-abfc000ba5b3
122,Ολοκλήρωση διαβούλευσης «Απλούστευση πλαισίου άσκησης οικονομικών δραστηριοτήτων αρμοδιότητας Υπουργείου Αγροτικής Ανάπτυξης και Τροφίμων και άλλες διατάξεις»,http://www.opengov.gr/ypaat/?p=2620,950,Απλούστευση πλαισίου άσκησης οικονομικών δραστηριοτήτων αρμοδιότητας Υπουργείου Αγροτικής Ανάπτυξης και Τροφίμων και άλλες διατάξεις.,145 A'/29.07.2020,https://www.hellenicparliament.gr/Nomothetiko-Ergo/Anazitisi-Nomothetikou-Ergou?law_id=c5acad9c-108f-4848-8e83-abf9017f7669
124,Ολοκλήρωση της διαβούλευσης επί του σχεδίου νόμου με τίτλο: «ΚΕΝΤΡΟ ΠΟΛΙΤΙΣΜΟΥ ΚΑΙ ΔΗΜΙΟΥΡΓΙΑΣ ΑΚΡΟΠΟΛ»,http://www.opengov.gr/cultureathl/?p=8042,952,Κέντρο Πολιτισμού και Δημιουργίας ΑΚΡΟΠΟΛ και λοιπές διατάξεις,140 A'/21.07.2020,https://www.hellenicparliament.gr/Nomothetiko-Ergo/Anazitisi-Nomothetikou-Ergou?law_id=e3bff762-8346-429a-a21c-abf10160492f
129,"ΕΤΑΙΡΙΚΗ ΔΙΑΚΥΒΕΡΝΗΣΗ ΑΝΩΝΥΜΩΝ ΕΤΑΙΡΕΙΩΝ, ΣΥΓΧΡΟΝΗ ΑΓΟΡΑ ΚΕΦΑΛΑΙΟΥ ΚΑΙ ΕΝΣΩΜΑΤΩΣΗ ΤΗΣ ΟΔΗΓΙΑΣ (ΕΕ) 2017/828 ΤΟΥ ΕΥΡΩΠΑΪΚΟΥ ΚΟΙΝΟΒΟΥΛΙΟΥ ΚΑΙ ΤΟΥ ΣΥΜΒΟΥΛΙΟΥ",http://www.opengov.gr/minfin/?p=9144,954,"Εταιρική διακυβέρνηση ανωνύμων εταιρειών, σύγχρονη αγορά κεφαλαίου, ενσωμάτωση στην ελληνική νομοθεσία της Οδηγίας (ΕΕ) 2017/828 του Ευρωπαϊκού Κοινοβουλίου και του Συμβουλίου, μέτρα προς εφαρμογή του Κανονισμού (ΕΕ) 2017/1131 και άλλες διατάξεις.",136 A'/17.07.2020 ,https://www.hellenicparliament.gr/Nomothetiko-Ergo/Anazitisi-Nomothetikou-Ergou?law_id=0f08cfc1-5c77-48bf-a317-abe901544995
131,Δημόσιες υπαίθριες συναθροίσεις,http://www.opengov.gr/yptp/?p=2822,955,Δημόσιες υπαίθριες συναθροίσεις και άλλες διατάξεις.,131 A'/10.07.2020,https://www.hellenicparliament.gr/Nomothetiko-Ergo/Anazitisi-Nomothetikou-Ergou?law_id=5b65c29b-6a12-49ef-85d1-abe9010df2fc
135,ΑΣΦΑΛΙΣΤΙΚΗ ΜΕΤΑΡΡΥΘΜΙΣΗ ΚΑΙ ΨΗΦΙΑΚΟΣ ΜΕΤΑΣΧΗΜΑΤΙΣΜΟΣ ΕΘΝΙΚΟΥ ΦΟΡΕΑ ΚΟΙΝΩΝΙΚΗΣ ΑΣΦΑΛΙΣΗΣ (e-Ε.Φ.Κ.Α.),http://www.opengov.gr/minlab/?p=4528,957,Ασφαλιστική μεταρρύθμιση και ψηφιακός μετασχηματισμός Εθνικού Φορέα Κοινωνικής Ασφάλισης (e-Ε.Φ.Κ.Α.) και άλλες διατάξεις.,43 A'/28.02.2020,https://www.hellenicparliament.gr/Nomothetiko-Ergo/Anazitisi-Nomothetikou-Ergou?law_id=09ffc82e-d562-4b56-9c82-ab640117b726
138,"Εθνικός Μηχανισμός Διαχείρισης Κρίσεων και Αντιμετώπισης Κινδύνων, Αναδιάρθρωση της ΓΓΠΠ, Αναβάθμιση Εθελοντισμού Πολιτικής Προστασίας, Αναδιοργάνωση του Πυροσβεστικού Σώματος και άλλες διατάξεις",http://www.opengov.gr/yptp/?p=2563,959,"Εθνικός Μηχανισμός Διαχείρισης Κρίσεων και Αντιμετώπισης Κινδύνων, αναδιάρθρωση της Γενικής Γραμματείας Πολιτικής Προστασίας, αναβάθμιση συστήματος εθελοντισμού πολιτικής προστασίας, αναδιοργάνωση του Πυροσβεστικού και άλλες διατάξεις.",27 A'/07.02.2020,https://www.hellenicparliament.gr/Nomothetiko-Ergo/Anazitisi-Nomothetikou-Ergou?law_id=6f81fab1-8f70-478f-9ab6-ab4c00fa5d8a
139,ΕΠΙΔΟΜΑ ΓΕΝΝΗΣΗΣ ΚΑΙ ΛΟΙΠΕΣ ΔΙΑΤΑΞΕΙΣ,http://www.opengov.gr/minlab/?p=4365,960,Επίδομα γέννησης και λοιπές διατάξεις,21 Α΄/03.02.2020,https://www.hellenicparliament.gr/Nomothetiko-Ergo/Anazitisi-Nomothetikou-Ergou?law_id=5a404741-8b8e-4aa5-99b1-ab420140a840
141,"Εθνική Αρχή Ανώτατης Εκπαίδευσης, Ειδικοί Λογαριασμοί Κονδυλίων Έρευνας Ανώτατων Εκπαιδευτικών Ιδρυμάτων, Ερευνητικών και Τεχνολογικών Φορέων και άλλες διατάξεις",http://www.opengov.gr/ypepth/?p=4969,962,"Εθνική Αρχή Ανώτατης Εκπαίδευσης. Ειδικοί Λογαριασμοί Κονδυλίων Έρευνας Ανώτατων Εκπαιδευτικών Ιδρυμάτων, Ερευνητικών και Τεχνολογικών Φορέων και άλλες διατάξεις.",12 A'/24.01.2020,https://www.hellenicparliament.gr/Nomothetiko-Ergo/Anazitisi-Nomothetikou-Ergou?law_id=c2ca1200-8c42-452c-925e-ab3f0006bd56
146,ΣΧΕΔΙΟ ΝΟΜΟΥ «ΔΙΕΥΚΟΛΥΝΣΗ ΑΣΚΗΣΗΣ ΕΚΛΟΓΙΚΟΥ ΔΙΚΑΙΩΜΑΤΟΣ ΕΚΛΟΓΕΩΝ ΠΟΥ ΒΡΙΣΚΟΝΤΑΙ ΕΚΤΟΣ ΕΛΛΗΝΙΚΗΣ ΕΠΙΚΡΑΤΕΙΑΣ»,http://www.opengov.gr/ypes/?p=7074,966,Διευκόλυνση άσκησης εκλογικού δικαιώματος εκλογέων που βρίσκονται εκτός Ελληνικής Επικράτειας και τροποποίηση εκλογικής διαδικασίας.,205 A'/16.12.2019,https://www.hellenicparliament.gr/Nomothetiko-Ergo/Anazitisi-Nomothetikou-Ergou?law_id=40be718c-1d8b-4ecb-a705-ab17016ca330
147,ΣΧΕΔΙΟ ΝΟΜΟΥ «ΦΟΡΟΛΟΓΙΚΗ ΜΕΤΑΡΡΥΘΜΙΣΗ ΜΕ ΑΝΑΠΤΥΞΙΑΚΗ ΔΙΑΣΤΑΣΗ ΓΙΑ ΤΗΝ ΕΛΛΑΔΑ ΤΟΥ ΑΥΡΙΟ»,http://www.opengov.gr/minfin/?p=9002,967,Φορολογική μεταρρύθμιση με αναπτυξιακή διάσταση για την Ελλάδα του αύριο.,201 A'/12.12.2019,https://www.hellenicparliament.gr/Nomothetiko-Ergo/Anazitisi-Nomothetikou-Ergou?law_id=07b65acc-447e-4405-b001-ab110172dab7
148,ΤΡΟΠΟΠΟΙΗΣΗ ΕΚΛΟΓΙΚΗΣ ΔΙΑΔΙΚΑΣΙΑΣ ΚΑΙ ΑΛΛΕΣ ΔΙΑΤΑΞΕΙΣ,http://www.opengov.gr/ypes/?p=6998,1013,Διευκόλυνση άσκησης εκλογικού δικαιώματος εκλογέων που βρίσκονται εκτός Ελληνικής Επικράτειας και τροποποίηση εκλογικής διαδικασίας.,205 A'/16.12.2019,https://www.hellenicparliament.gr/Nomothetiko-Ergo/Anazitisi-Nomothetikou-Ergou?law_id=40be718c-1d8b-4ecb-a705-ab17016ca330
154,"Επείγουσες ρυθμίσεις των Υπουργείων Εσωτερικών, Παιδείας και Θρησκευμάτων, Εργασίας και Κοινωνικών Υποθέσεων, Πολιτισμού και Αθλητισμού, Δικαιοσύνης, Ψηφιακής Διακυβέρνησης και Τουρισμού",http://www.opengov.gr/ypes/?p=6859,970,"Επείγουσες ρυθμίσεις των Υπουργείων Οικονομικών, Περιβάλλοντος και Ενέργειας, Υποδομών, Μεταφορών και Δικτύων και Εργασίας, Κοινωνικής Ασφάλισης και Κοινωνικής Αλληλεγγύης για την εφαρμογή της συμφωνίας δημοσιονομικών στόχων και διαρθρωτικών μεταρρυθμίσεων και άλλες διατάξεις.",185 A'/30.09.2016,https://www.hellenicparliament.gr/Nomothetiko-Ergo/Anazitisi-Nomothetikou-Ergou?law_id=67ab76ee-6373-4b26-bcbb-a68a012de0f5
168,"Ρυθμίσεις Μέριμνας Προσωπικού Ενόπλων Δυνάμεων, Στρατολογίας, Στρατιωτικής Δικαιοσύνης και άλλες διατάξεις",http://www.opengov.gr/mindefence/?p=6612,974,"Ρυθμίσεις μέριμνας προσωπικού Ενόπλων Δυνάμεων, Στρατολογίας, Στρατιωτικής Δικαιοσύνης και άλλες διατάξεις.",67 A'/03.05.2019,https://www.hellenicparliament.gr/Nomothetiko-Ergo/Anazitisi-Nomothetikou-Ergou?law_id=574ce76e-5b7a-4093-92d3-aa2d00f9fb76
187,"ΕΝΔΥΝΑΜΩΣΗ ΑΝΩΤΑΤΟΥ ΣΥΜΒΟΥΛΙΟΥ ΕΠΙΛΟΓΗΣ ΠΡΟΣΩΠΙΚΟΥ (Α.Σ.Ε.Π.), ΕΝΙΣΧΥΣΗ ΚΑΙ ΑΝΑΒΑΘΜΙΣΗ ΔΗΜΟΣΙΑΣ ΔΙΟΙΚΗΣΗΣ ΚΑΙ ΑΛΛΕΣ ΔΙΑΤΑΞΕΙΣ",http://www.opengov.gr/minreform/?p=2113,978,"Ενδυνάμωση Ανώτατου Συμβουλίου Επιλογής Προσωπικού (Α.Σ.Ε.Π.), ενίσχυση και αναβάθμιση Δημόσιας Διοίκησης και άλλες διατάξεις.",17Α΄/07.02.2019,https://www.hellenicparliament.gr/Nomothetiko-Ergo/Anazitisi-Nomothetikou-Ergou?law_id=29c01699-8f62-480d-9916-a9cf01447ea3
189,Νόμος για την προσέλκυση Στρατηγικών Επενδύσεων,http://www.opengov.gr/ypoian/?p=9828,979,"Τροποποίηση διατάξεων στρατολογικής νομοθεσίας, ρύθμιση στρατιωτικών υποχρεώσεων ορισμένων κατηγοριών στρατευσίμων, ανυποτάκτων και οπλιτών, θέματα επαγγελματιών οπλιτών και άλλες διατάξεις. ΕΙΣΗΓΗΤΕΣ: Ι. Γιαννακόπουλος, Σ. Σπηλιωτόπουλος",171 Α'/23.07.2002,https://www.hellenicparliament.gr/Nomothetiko-Ergo/Anazitisi-Nomothetikou-Ergou?law_id=dd4fc8f3-a04b-4dfb-8624-ddeb4dea8aec
201,Σύσταση Ελληνικής Αρχής Γεωλογικών και Μεταλλευτικών Ερευνών,http://www.opengov.gr/minenv/?p=9640,985,"Έρευνα, εκμετάλλευση και διαχείριση του γεωθερμικού δυναμικού της Χώρας, σύσταση Ελληνικής Αρχής Γεωλογικών και Μεταλλευτικών Ερευνών, ιδιοκτησιακός διαχωρισμός δικτύων διανομής φυσικού αερίου και άλλες διατάξεις.",45 A'/9.3.2019,https://www.hellenicparliament.gr/Nomothetiko-Ergo/Anazitisi-Nomothetikou-Ergou?law_id=5a4126ae-0f47-4cd1-a7eb-aa03018829b9
218,"Έρευνα, εκμετάλλευση και διαχείριση του γεωθερμικού δυναμικού της χώρας και άλλες διατάξεις",http://www.opengov.gr/minenv/?p=9454,1021,"Έρευνα, εκμετάλλευση και διαχείριση του γεωθερμικού δυναμικού της Χώρας, σύσταση Ελληνικής Αρχής Γεωλογικών και Μεταλλευτικών Ερευνών, ιδιοκτησιακός διαχωρισμός δικτύων διανομής φυσικού αερίου και άλλες διατάξεις.",45 A'/9.3.2019,https://www.hellenicparliament.gr/Nomothetiko-Ergo/Anazitisi-Nomothetikou-Ergou?law_id=5a4126ae-0f47-4cd1-a7eb-aa03018829b9
219,Ίδρυση Υπηρεσίας  Δικαστικής  Αστυνομίας,http://www.opengov.gr/ministryofjustice/?p=9718,988,"Ίδρυση Υπηρεσίας Ασύλου και Υπηρεσίας Πρώτης Υποδοχής, προσαρμογή της ελληνικής νομοθεσίας προς τις διατάξεις της Οδηγίας 2008/115/ΕΚ «σχετικά με τους κοινούς κανόνες και διαδικασίες στα κράτη μέλη για την επιστροφή των παρανόμως διαμενόντων υπηκόων τρίτων χωρών» και λοιπές διατάξεις",7 Α'/26.01.2011,https://www.hellenicparliament.gr/Nomothetiko-Ergo/Anazitisi-Nomothetikou-Ergou?law_id=91b1ed40-087c-4fe1-b571-bb6d99cba944
226,Σχέδιο Νόμου: «Εκσυγχρονισμός και Αναμόρφωση Θεσμικού Πλαισίου Ιδιωτικών Κλινικών»,http://www.opengov.gr/yyka/?p=2508,990,"Εκσυγχρονισμός και Αναμόρφωση Θεσμικού Πλαισίου Ιδιωτικών Κλινικών, Σύσταση Εθνικού Οργανισμού Δημόσιας Υγείας, Σύσταση Εθνικού Ινστιτούτου Νεοπλασιών και λοιπές διατάξεις.",43 A'/9.3.2019,https://www.hellenicparliament.gr/Nomothetiko-Ergo/Anazitisi-Nomothetikou-Ergou?law_id=97d4703f-7653-43ee-8694-a9f5015abb3b
227,Θεματικός τουρισμός – Ειδικές μορφές τουρισμού,http://www.opengov.gr/tourism/?p=1452,991,Θεματικός τουρισμός – Ειδικές μορφές τουρισμού – Ρυθμίσεις για τον εκσυγχρονισμό του θεσμικού πλαισίου στον τομέα του τουρισμού και της τουριστικής εκπαίδευσης – Στήριξη τουριστικής επιχειρηματικότητας και άλλες διατάξεις.,208 A'/11.12.2018,https://www.hellenicparliament.gr/Nomothetiko-Ergo/Anazitisi-Nomothetikou-Ergou?law_id=19059aec-7e25-455e-91c1-a9a10127da2b
230,Παράρτημα του σ.ν. με τίτλο «Πρόσβαση των μόνιμων κατοίκων των περιοχών εκτός κάλυψης της ελληνικής Επικράτειας στους ελληνικούς τηλεοπτικούς σταθμούς ελεύθερης λήψης εθνικής εμβέλειας»,http://www.opengov.gr/digitalandbrief/?p=966,994,Πρόσβαση των μόνιμων κατοίκων των περιοχών εκτός τηλεοπτικής κάλυψης στους ελληνικούς τηλεοπτικούς σταθμούς ελεύθερης λήψης εθνικής εμβέλειας και άλλες διατάξεις.,169 Α'/20.09.2018,https://www.hellenicparliament.gr/Nomothetiko-Ergo/Anazitisi-Nomothetikou-Ergou?law_id=12d3161e-22b7-4969-9367-a9500104fa7c
233,Οργανισμός Λειτουργίας του Ν.Π.Ι.Δ. «Διοικούσα Επιτροπή Ισλαμικού Τεμένους Αθηνών»,http://www.opengov.gr/ypepth/?p=4142,995,"Ισλαμικό Τέμενος Αθηνών και άλλες διατάξειςΕΙΣΗΓΗΤΕΣ: Γ. Βασιλείου, Δ. Λιντζέρης",264 Α'/05.12.2006,https://www.hellenicparliament.gr/Nomothetiko-Ergo/Anazitisi-Nomothetikou-Ergou?law_id=33733232-99eb-48ca-bbb3-5a5516c841c4
236,Πρόγραμμα «ΚΛΕΙΣΘΕΝΗΣ Ι»,http://www.opengov.gr/ypes/?p=5963,996,"Μεταρρύθμιση του θεσμικού πλαισίου της Τοπικής Αυτοδιοίκησης - Εμβάθυνση της Δημοκρατίας - Ενίσχυση της Συμμετοχής - Βελτίωση της οικονομικής και αναπτυξιακής λειτουργίας των Ο.Τ.Α. [Πρόγραμμα «ΚΛΕΙΣΘΕΝΗΣ Ι»] - Ρυθμίσεις για τον εκσυγχρονισμό του πλαισίου οργάνωσης και λειτουργίας των ΦΟΔΣΑ - Ρυθμίσεις για την αποτελεσματικότερη, ταχύτερη και ενιαία άσκηση των αρμοδιοτήτων σχετικά με την απονομή ιθαγένειας και την πολιτογράφηση - Λοιπές διατάξεις αρμοδιότητας Υπουργείου Εσωτερικών και άλλες διατάξεις.",133 A'/19.07.2018,https://www.hellenicparliament.gr/Nomothetiko-Ergo/Anazitisi-Nomothetikou-Ergou?law_id=ccad0ac4-4e52-4f2f-b444-a9130156ebc6
239,"Μηχανισμός Εφαρμογής, Κρατική Εποπτεία και Γενικοί Όροι Υλοποίησης του Μεταφορικού Ισοδύναμου (Μ.Ι.) και άλλες διατάξεις",http://www.opengov.gr/ynanp/?p=1145,997,"Μηχανισμός εφαρμογής, κρατική εποπτεία, γενικοί όροι υλοποίησης του Μεταφορικού Ισοδυνάμου (Μ. Ι.) και άλλες διατάξεις.",116 A'/02.07.2018,https://www.hellenicparliament.gr/Nomothetiko-Ergo/Anazitisi-Nomothetikou-Ergou?law_id=a7431222-65ef-47ee-80e4-a90700d73288
243,Αναδιοργάνωση των δομών υποστήριξης της πρωτοβάθμιας και δευτεροβάθμιας εκπαίδευσης και άλλες διατάξεις,http://www.opengov.gr/ypepth/?p=3873,998,Αναδιοργάνωση των δομών υποστήριξης της πρωτοβάθμιας και δευτεροβάθμιας εκπαίδευσης και άλλες διατάξεις.,102 A'/12.06.2018,https://www.hellenicparliament.gr/Nomothetiko-Ergo/Anazitisi-Nomothetikou-Ergou?law_id=f7c4ea9a-0ad1-40c2-8f67-a8f2016cca1a
247,Προώθηση της ουσιαστικής ισότητας των φύλων και την καταπολέμηση της έμφυλης βίας,http://www.opengov.gr/ypes/?p=5597,999,"Προώθηση της ουσιαστικής ισότητας των φύλων, πρόληψη και καταπολέμηση της έμφυλης βίας - Ρυθμίσεις για την απονομή Ιθαγένειας - Διατάξεις σχετικές με τις εκλογές στην Τοπική Αυτοδιοίκηση - Λοιπές διατάξεις.",50 A'/26.03.2019,https://www.hellenicparliament.gr/Nomothetiko-Ergo/Anazitisi-Nomothetikou-Ergou?law_id=68d91fb8-3765-4179-9275-aa090111a411
249,Νόμος για την Προστασία Δεδομένων Προσωπικού Χαρακτήρα σε εφαρμογή του Κανονισμού (ΕΕ) 2016/679,http://www.opengov.gr/ministryofjustice/?p=9331,1027,"Τροποποίηση διατάξεων στρατολογικής νομοθεσίας, ρύθμιση στρατιωτικών υποχρεώσεων ορισμένων κατηγοριών στρατευσίμων, ανυποτάκτων και οπλιτών, θέματα επαγγελματιών οπλιτών και άλλες διατάξεις. ΕΙΣΗΓΗΤΕΣ: Ι. Γιαννακόπουλος, Σ. Σπηλιωτόπουλος",171 Α'/23.07.2002,https://www.hellenicparliament.gr/Nomothetiko-Ergo/Anazitisi-Nomothetikou-Ergou?law_id=dd4fc8f3-a04b-4dfb-8624-ddeb4dea8aec
254,Κύρωση και προσαρμογή της ελληνικής νομοθεσίας προς τις διατάξεις της  Σύμβασης της Χάγης της 13ης Ιανουαρίου 2000 για τη Διεθνή Προστασία Ενηλίκων,http://www.opengov.gr/ministryofjustice/?p=9138,1002,"I) Κύρωση και προσαρμογή της ελληνικής νομοθεσίας στη Σύμβαση της Βαρσοβίας της 16ης Μαΐου 2005 του Συμβουλίου της Ευρώπης για τη νομιμοποίηση, ανίχνευση, κατάσχεση και δήμευση εσόδων από εγκληματικές δραστηριότητες και για τη χρηματοδότηση της τρομοκρατίας, ενσωμάτωση της Α-Π 2003/577/ΔΕΥ, της Α-Π 2005/212/ΔΕΥ, της Α-Π 2006/783/ΔΕΥ, όπως τροποποιήθηκε με την Α-Π 2009/299/ΔΕΥ, και της Οδηγίας 2014/42/ΕΕ, II) Προϋποθέσεις τοποθέτησης ανηλίκων σε ίδρυμα ή ανάδοχη οικογένεια από και προς κράτη - μέλη της Ευρωπαϊκής Ένωσης βάσει του άρθρου 56 του Κανονισμού (ΕΚ) αριθμ. 2201/2003 του Συμβουλίου της 27ης Νοεμβρίου 2003, για τη διεθνή δικαιοδοσία και την αναγνώριση και εκτέλεση αποφάσεων σε γαμικές διαφορές και διαφορές γονικής μέριμνας, ο οποίος καταργεί τον Κανονισμό (ΕΚ) 1347/2000, III) Ενσωμάτωση της Οδηγίας 2013/48/ΕΕ του Ευρωπαϊκού Κοινοβουλίου και του Συμβουλίου της 22ας Οκτωβρίου 2013, σχετικά με το δικαίωμα πρόσβασης σε δικηγόρο στο πλαίσιο ποινικής διαδικασίας και διαδικασίας εκτέλεσης του ευρωπαϊκού εντάλματος σύλληψης, καθώς και σχετικά με το δικαίωμα ενημέρωσης τρίτου προσώπου σε περίπτωση στέρησης της ελευθερίας του και με το δικαίωμα επικοινωνίας με τρίτα πρόσωπα και με προξενικές αρχές κατά τη διάρκεια στέρησης της ελευθερίας, IV) Ενσωμάτωση της Οδηγίας 2012/29/ΕΕ για τη θέσπιση ελάχιστων προτύπων σχετικά με τα δικαιώματα, την υποστήριξη και την προστασία θυμάτων της εγκληματικότητας και για την αντικατάσταση της Απόφασης - Πλαίσιο 2001/220/ΔΕΥ του Συμβουλίου και λοιπές διατάξεις.",91 A'/23.06.2017,https://www.hellenicparliament.gr/Nomothetiko-Ergo/Anazitisi-Nomothetikou-Ergou?law_id=e8d154e1-d040-45be-bc33-a78301667b73
258,Ίδρυση Πανεπιστημίου Δυτικής Αττικής και λοιπές διατάξεις,http://www.opengov.gr/ypepth/?p=3758,1003,Ίδρυση Πανεπιστημίου Δυτικής Αττικής και άλλες διατάξεις.,38 A'/02.03.2018,https://www.hellenicparliament.gr/Nomothetiko-Ergo/Anazitisi-Nomothetikou-Ergou?law_id=5bf940ea-dcb3-4a42-ac04-a88600c0ea21
263,Αδειοδότηση και Λειτουργία Επιχειρήσεων Καζίνο και άλλες διατάξεις,http://www.opengov.gr/minfin/?p=8347,1031,Αγορές χρηματοπιστωτικών μέσων και άλλες διατάξεις,195 A'/17.08.2007,https://www.hellenicparliament.gr/Nomothetiko-Ergo/Anazitisi-Nomothetikou-Ergou?law_id=54717681-e38d-4981-acee-3c623cbe6b21
281,ΣΧΕΔΙΟ ΝΟΜΟΥ ΓΙΑ ΤΗΝ ΠΡΟΣΑΡΜΟΓΗ ΤΗΣ ΕΛΛΗΝΙΚΗΣ ΝΟΜΟΘΕΣΙΑΣ ΣΤΙΣ ΔΙΑΤΑΞΕΙΣ ΤΟΥ ΚΑΝΟΝΙΣΜΟΥ ΕΕ 909_2014,http://www.opengov.gr/minfin/?p=7927,1041,"Κύρωση Σύμβασης Παραχώρησης του Έργου της Μελέτης, Κατασκευής, Χρηματοδότησης, Λειτουργίας, Συντήρησης και Εκμετάλλευσης του Αυτοκινητοδρόμου «Ιονία Οδός» από Αντίρριο μέχρι Ιωάννινα, ΠΑΘΕ Αθήνα (Α/Κ Μεταμόρφωσης) - Μαλιακός (Σκάρφεια) και Συνδετηρίου Κλάδου του ΠΑΘΕ Σχηματάρι - Χαλκίδα και λοιπές διατάξειςΕΙΣΗΓΗΤΕΣ: Γ. Παπαγεωργίου, Θ. Κολιοπάνος",81 Α'/16.04.2007,https://www.hellenicparliament.gr/Nomothetiko-Ergo/Anazitisi-Nomothetikou-Ergou?law_id=fc015f97-c8ca-4bcc-a824-0549dcdf23db
301,«Ενεργειακές Κοινότητες και άλλες διατάξεις»,http://www.opengov.gr/minenv/?p=8642,1049,Ενεργειακές Κοινότητες και άλλες διατάξεις.,9 Α'/23.01.2018,https://www.hellenicparliament.gr/Nomothetiko-Ergo/Anazitisi-Nomothetikou-Ergou?law_id=24ac2366-281a-488b-97a9-a846014bc8bb
303,«Μέτρα Θεραπείας ατόμων που απαλλάσσονται από την ποινή λόγω ψυχικής ή διανοητικής διαταραχής» και λοιπές διατάξεις,http://www.opengov.gr/ministryofjustice/?p=8246,1050,Μέτρα θεραπείας ατόμων που απαλλάσσονται από την ποινή λόγω ψυχικής ή διανοητικής διαταραχής και άλλες διατάξεις,201 A'/22.12.2017,https://www.hellenicparliament.gr/Nomothetiko-Ergo/Anazitisi-Nomothetikou-Ergou?law_id=21ea0129-0b28-4479-b6d5-a839013de48c
309,Νομική Αναγνώριση της Ταυτότητας Φύλου- Εθνικός Μηχανισμός Παρακολούθησης και Αξιολόγησης του Σχεδίου Δράσης για τα Δικαιώματα του Παιδιού,http://www.opengov.gr/ministryofjustice/?p=8078,1053,"Νομική αναγνώριση της ταυτότητας φύλου - Εθνικός Μηχανισμός Εκπόνησης, Παρακολούθησης και Αξιολόγησης των Σχεδίων Δράσης για τα Δικαιώματα του Παιδιού και άλλες διατάξεις.",152 Α'/13.10.2017,https://www.hellenicparliament.gr/Nomothetiko-Ergo/Anazitisi-Nomothetikou-Ergou?law_id=75d1ff53-879c-4dcb-bfff-a7f20108f665
310,Αδειοδότηση διαστημικών δραστηριοτήτων – Καταχώρηση διαστημικών αντικειμένων – Ίδρυση ελληνικής διαστημικής εταιρείας,http://www.opengov.gr/digitalandbrief/?p=772,1054,Αδειοδότηση διαστημικών δραστηριοτήτων - Καταχώριση στο Εθνικό Μητρώο Διαστημικών Αντικειμένων - Ίδρυση Ελληνικού Διαστημικού Οργανισμού και λοιπές διατάξεις.,200 A'/22.12.2017,https://www.hellenicparliament.gr/Nomothetiko-Ergo/Anazitisi-Nomothetikou-Ergou?law_id=ca706be4-0ccc-4dbf-a8ce-a83b01095b01
312,«Μεταρρύθμιση της Πρωτοβάθμιας Φροντίδας Υγείας»,http://www.opengov.gr/yyka/?p=2050,1055,"Μεταρρύθμιση της πρωτοβάθμιας φροντίδας υγείας, επείγουσες ρυθμίσεις αρμοδιότητας Υπουργείου Υγείας και άλλες διατάξεις.",115 Α΄/7.8.2017,https://www.hellenicparliament.gr/Nomothetiko-Ergo/Anazitisi-Nomothetikou-Ergou?law_id=71a24282-cf9a-48ff-bda2-a7b6015f8cd1
313,«Ίδρυση της Εθνικής Κεντρικής Αρχής Προμηθειών Υγείας για την Κεντρικοποίηση Προμηθειών των εποπτευόμενων από το Υπουργείο Υγείας Φορέων»,http://www.opengov.gr/yyka/?p=1996,1056,"Ανασυγκρότηση του Εθνικού Συμβουλίου Ραδιοτηλεόρασης, ίδρυση της Εθνικής Επιτροπής Ηλεκτρονικών Μέσων Επικοινωνίας και άλλες διατάξεις",208 Α'/16.12.1993,https://www.hellenicparliament.gr/Nomothetiko-Ergo/Anazitisi-Nomothetikou-Ergou?law_id=0a73af1a-5ea7-4626-83e3-5ab4fe997f6d
314,Ρυθμίσεις περί σταδιοδρομίας και εξέλιξης στελεχών και οικονομικής μέριμνας και λογιστικού των Ενόπλων Δυνάμεων,http://www.opengov.gr/mindefence/?p=6007,1057,"Ρυθμίσεις περί σταδιοδρομίας και εξέλιξης στελεχών και οικονομικής μέριμνας και λογιστικού των Ενόπλων Δυνάμεων, σύσταση Κοινού Σώματος Οικονομικών Επιθεωρητών και άλλες διατάξεις.",165 A'/2.11.2017,https://www.hellenicparliament.gr/Nomothetiko-Ergo/Anazitisi-Nomothetikou-Ergou?law_id=f74b931b-be44-4ff8-80bc-a7fb01154700
317,ΔΙΑΚΙΝΗΣΗ ΚΑΙ ΕΜΠΟΡΙΑ ΝΩΠΩΝ ΚΑΙ ΕΥΑΛΛΟΙΩΤΩΝ ΑΓΡΟΤΙΚΩΝ ΠΡΟΪΟΝΤΩΝ ΚΑΙ ΑΛΛΕΣ ΔΙΑΤΑΞΕΙΣ,http://www.opengov.gr/ypaat/?p=1831,1059,"Διυπηρεσιακή Μονάδα Ελέγχου Αγοράς, ρύθμιση της οικονομικής δραστηριότητας, αντιμετώπιση του παράνομου εμπορίου, πρόστιμα για τη διακίνηση και εμπορία απομιμητικών/παραποιημένων προϊόντων, ρύθμιση θεμάτων για τη βιομηχανία, τις ιδιωτικές επενδύσεις, τις συμπράξεις δημοσίου και ιδιωτικού τομέα, την έρευνα, την καινοτομία και το Οικονομικό Επιμελητήριο Ελλάδος και λοιπές διατάξεις.",146 A'/29.07.2020,https://www.hellenicparliament.gr/Nomothetiko-Ergo/Anazitisi-Nomothetikou-Ergou?law_id=32b7c57d-29ed-4b12-8272-abf701866ac3
319,Κανονισμός Πυροπροστασίας Κτιρίων,http://www.opengov.gr/minenv/?p=8497,1060,"Ρύθμιση θεμάτων Ολυμπιακής Προετοιμασίας και άλλες διατάξεις. ΕΙΣΗΓΗΤΕΣ: Σ. Βούγιας, Φ. Πάλλη - Πετραλιά.",302 Α'/24.12.2003,https://www.hellenicparliament.gr/Nomothetiko-Ergo/Anazitisi-Nomothetikou-Ergou?law_id=b5c578ff-3641-45a9-a70a-ac2b8631a2de
321,«ΕΞΩΔΙΚΑΣΤΙΚΟΣ ΜΗΧΑΝΙΣΜΟΣ ΡΥΘΜΙΣΗΣ ΟΦΕΙΛΩΝ ΕΠΙΧΕΙΡΗΣΕΩΝ»,http://www.opengov.gr/ypoian/?p=8036,1061,Εξωδικαστικός μηχανισμός ρύθμισης οφειλών επιχειρήσεων και άλλες διατάξεις.,62 A'/03.05.2017,https://www.hellenicparliament.gr/Nomothetiko-Ergo/Anazitisi-Nomothetikou-Ergou?law_id=bfef3a85-2d23-4ed8-9468-a74e0153b348
323,Δημιουργία θεσμικού πλαισίου για τη σύσταση καθεστώτος Ενίσχυσης Ιδιωτικών Επενδύσεων για την ανάπτυξη της παραγωγής οπτικοακουστικών έργων στην Ελλάδα,http://www.opengov.gr/digitalandbrief/?p=718,1062,"Ηλεκτρονικό σύστημα διάθεσης τηλεοπτικού διαφημιστικού χρόνου, τροποποίηση του ν. 3548/2007, σύσταση μητρώου περιφερειακού και τοπικού Τύπου, ειδική σήμανση γραμμωτού κώδικα στις έντυπες εκδόσεις, δημιουργία θεσμικού πλαισίου για την ενίσχυση της παραγωγής οπτικοακουστικών έργων στην Ελλάδα και άλλες διατάξεις.",116 A'/09.08.2017,https://www.hellenicparliament.gr/Nomothetiko-Ergo/Anazitisi-Nomothetikou-Ergou?law_id=a7fbf28f-4bdb-4a7b-a592-a7b7016e9f80
324,Κύρωση και προσαρμογή στην ελληνική νομοθεσία των διατάξεων της Συμφωνίας για την ίδρυση Ενιαίου Δικαστηρίου Διπλωμάτων Ευρεσιτεχνίας και του Πρωτοκόλλου για τα προνόμια και τις ασυλίες του Ενιαίου Δικαστηρίου Διπλωμάτων Ευρεσιτεχνίας,http://www.opengov.gr/ministryofjustice/?p=8050,1063,"I) Κύρωση και προσαρμογή της ελληνικής νομοθεσίας στη Σύμβαση της Βαρσοβίας της 16ης Μαΐου 2005 του Συμβουλίου της Ευρώπης για τη νομιμοποίηση, ανίχνευση, κατάσχεση και δήμευση εσόδων από εγκληματικές δραστηριότητες και για τη χρηματοδότηση της τρομοκρατίας, ενσωμάτωση της Α-Π 2003/577/ΔΕΥ, της Α-Π 2005/212/ΔΕΥ, της Α-Π 2006/783/ΔΕΥ, όπως τροποποιήθηκε με την Α-Π 2009/299/ΔΕΥ, και της Οδηγίας 2014/42/ΕΕ, II) Προϋποθέσεις τοποθέτησης ανηλίκων σε ίδρυμα ή ανάδοχη οικογένεια από και προς κράτη - μέλη της Ευρωπαϊκής Ένωσης βάσει του άρθρου 56 του Κανονισμού (ΕΚ) αριθμ. 2201/2003 του Συμβουλίου της 27ης Νοεμβρίου 2003, για τη διεθνή δικαιοδοσία και την αναγνώριση και εκτέλεση αποφάσεων σε γαμικές διαφορές και διαφορές γονικής μέριμνας, ο οποίος καταργεί τον Κανονισμό (ΕΚ) 1347/2000, III) Ενσωμάτωση της Οδηγίας 2013/48/ΕΕ του Ευρωπαϊκού Κοινοβουλίου και του Συμβουλίου της 22ας Οκτωβρίου 2013, σχετικά με το δικαίωμα πρόσβασης σε δικηγόρο στο πλαίσιο ποινικής διαδικασίας και διαδικασίας εκτέλεσης του ευρωπαϊκού εντάλματος σύλληψης, καθώς και σχετικά με το δικαίωμα ενημέρωσης τρίτου προσώπου σε περίπτωση στέρησης της ελευθερίας του και με το δικαίωμα επικοινωνίας με τρίτα πρόσωπα και με προξενικές αρχές κατά τη διάρκεια στέρησης της ελευθερίας, IV) Ενσωμάτωση της Οδηγίας 2012/29/ΕΕ για τη θέσπιση ελάχιστων προτύπων σχετικά με τα δικαιώματα, την υποστήριξη και την προστασία θυμάτων της εγκληματικότητας και για την αντικατάσταση της Απόφασης - Πλαίσιο 2001/220/ΔΕΥ του Συμβουλίου και λοιπές διατάξεις.",91 A'/23.06.2017,https://www.hellenicparliament.gr/Nomothetiko-Ergo/Anazitisi-Nomothetikou-Ergou?law_id=e8d154e1-d040-45be-bc33-a78301667b73
325,"Ενδυνάμωση της διαφάνειας και της αξιοκρατίας σε θέματα αρμοδιότητας Υπουργείου Ναυτιλίας και Νησιωτικής Πολιτικής, ενίσχυση της κοινωνικής συμμετοχής στην ακτοπλοΐα, θέματα πολιτικού προσωπικού, συμπλήρωση διατάξεων για τα λιμενικά έργα και άλλες διατάξεις.",http://www.opengov.gr/ynanp/?p=882,1064,"Δια βίου εκπαίδευση προσωπικού Υπουργείου Ναυτιλίας και Νησιωτικής Πολιτικής, ενδυνάμωση της διαφάνειας και της αξιοκρατίας σε θέματα αρμοδιότητας Υπουργείου Ναυτιλίας και Νησιωτικής Πολιτικής, ενίσχυση της κοινωνικής συμμετοχής στην ακτοπλοΐα, θέματα πολιτικού προσωπικού, συμπλήρωση διατάξεων για τα λιμενικά έργα και άλλες διατάξεις.",184 Α΄/29.11.2017,https://www.hellenicparliament.gr/Nomothetiko-Ergo/Anazitisi-Nomothetikou-Ergou?law_id=5f4520fe-b030-441c-bcbc-a81e01074039
329,Μέτρα Θεραπείας ατόμων που απαλλάσσονται από την ποινή λόγω ψυχικής ή διανοητικής διαταραχής,http://www.opengov.gr/ministryofjustice/?p=7826,1065,Μέτρα θεραπείας ατόμων που απαλλάσσονται από την ποινή λόγω ψυχικής ή διανοητικής διαταραχής και άλλες διατάξεις,201 A'/22.12.2017,https://www.hellenicparliament.gr/Nomothetiko-Ergo/Anazitisi-Nomothetikou-Ergou?law_id=21ea0129-0b28-4479-b6d5-a839013de48c
354,"«Εθνικός Μηχανισμός Συντονισμού, Παρακολούθησης και Αξιολόγησης των Πολιτικών Κοινωνικής Ένταξης και Κοινωνικής Συνοχής και άλλες διατάξεις για την Κοινωνική Αλληλεγγύη» του Υπουργείου Εργασίας, Κοινωνικής Ασφάλισης και Κοινωνικής Αλληλεγγύης",http://www.opengov.gr/minlab/?p=3488,1073,"Εθνικός Μηχανισμός Συντονισμού, Παρακολούθησης και Αξιολόγησης των Πολιτικών Κοινωνικής Ένταξης και Κοινωνικής Συνοχής, ρυθμίσεις για την κοινωνική αλληλεγγύη και εφαρμοστικές διατάξεις του ν. 4387/2016 (Α΄ 85) και άλλες διατάξεις.",236 A'/19.12.2016,https://www.hellenicparliament.gr/Nomothetiko-Ergo/Anazitisi-Nomothetikou-Ergou?law_id=357bc7cf-3e7f-4d3c-a853-a6d600e2f62b
357,ΔΕΥΤΕΡΟΣ ΚΑΙ ΤΡΙΤΟΣ ΚΥΚΛΟΣ ΣΠΟΥΔΩΝ – Προγράμματα μεταπτυχιακών σπουδών και διδακτορικές σπουδές,http://www.opengov.gr/ypepth/?p=3316,1074,Στην πρόταση «για την τροποποίηση διατάξεων του Κανονισμού της Βουλής (Μέρος Κοινοβουλευτικό και Μέρος Β΄)»,126 A'/2.7.2008,https://www.hellenicparliament.gr/Nomothetiko-Ergo/Anazitisi-Nomothetikou-Ergou?law_id=9696a8a4-2e9f-4974-85b5-d140e5ab7426
362,"Σχέδιο Νόμου για τη λήψη αναγκαίων μέτρων συμμόρφωσης με τα άρθρα 22,23,30,31 παρ.1 ,32 και 34 του Κανονισμού 596/2014 για την κατάχρηση της αγοράς και τις αρμοδιότητες της Επιτροπής Κεφαλαιαγοράς, την ενσωμάτωση της Οδηγίας 2014/57 περί ποινικών κυρώσεων για την κατάχρηση αγοράς και την ενσωμάτωση της εκτελεστικής Οδηγίας 2015/2392",http://www.opengov.gr/ministryofjustice/?p=6873,1077,"Κύρωση Σύμβασης Παραχώρησης του Έργου της Μελέτης, Κατασκευής, Χρηματοδότησης, Λειτουργίας, Συντήρησης και Εκμετάλλευσης του Αυτοκινητοδρόμου «Ιονία Οδός» από Αντίρριο μέχρι Ιωάννινα, ΠΑΘΕ Αθήνα (Α/Κ Μεταμόρφωσης) - Μαλιακός (Σκάρφεια) και Συνδετηρίου Κλάδου του ΠΑΘΕ Σχηματάρι - Χαλκίδα και λοιπές διατάξειςΕΙΣΗΓΗΤΕΣ: Γ. Παπαγεωργίου, Θ. Κολιοπάνος",81 Α'/16.04.2007,https://www.hellenicparliament.gr/Nomothetiko-Ergo/Anazitisi-Nomothetikou-Ergou?law_id=fc015f97-c8ca-4bcc-a824-0549dcdf23db
363,Αναδιοργάνωση της ελληνικής αγοράς ηλεκτρικής ενέργειας σε εφαρμογή της νομοθεσίας για την ολοκλήρωση της ενιαίας ευρωπαϊκής αγοράς ηλεκτρικής ενέργειας και άλλες διατάξεις,http://www.opengov.gr/minenv/?p=8023,1078,"Αναδιοργάνωση της Ελληνικής Αστυνομίας, του Πυροσβεστικού Σώματος και της Γενικής Γραμματείας Πολιτικής Προστασίας, αναβάθμιση Υπηρεσιών του Υπουργείου Δημόσιας Τάξης και Προστασίας του Πολίτη και ρύθμιση λοιπών θεμάτων αρμοδιότητας Υπουργείου Δημόσιας Τάξης και Προστασίας του Πολίτη και άλλες διατάξεις.",73 A'/24.03.2014,https://www.hellenicparliament.gr/Nomothetiko-Ergo/Anazitisi-Nomothetikou-Ergou?law_id=6a70c812-65dd-48f8-a8f8-3e15c2ea5bd5
372,Σχέδιο Νόμου «Νέο Θεσμικό πλαίσιο για την άσκηση οικονομικής δραστηριότητας και άλλες διατάξεις»,http://www.opengov.gr/ypoian/?p=7653,1080,Νέο θεσμικό πλαίσιο για την άσκηση οικονομικής δραστηριότητας και άλλες διατάξεις,230 A'/07.12.2016,https://www.hellenicparliament.gr/Nomothetiko-Ergo/Anazitisi-Nomothetikou-Ergou?law_id=f6916ed5-f503-49ba-8437-a6c8015f7a0d
379,Σχέδιο Νόμου «Κοινωνική και Αλληλέγγυα Οικονομία και ανάπτυξη των φορέων της»,http://www.opengov.gr/minlab/?p=3381,1083,Κοινωνική και Αλληλέγγυα Οικονομία και ανάπτυξη των φορέων της και άλλες διατάξεις.,205 A'/31.10.2016,https://www.hellenicparliament.gr/Nomothetiko-Ergo/Anazitisi-Nomothetikou-Ergou?law_id=de53343e-dbb3-4c24-b7c9-a69700b7f2bb
382,Σύσταση Εθνικού Μηχανισμού Διερεύνησης Περιστατικών Αυθαιρεσίας στα σώματα ασφαλείας και τους υπαλλήλους των καταστημάτων κράτησης,http://www.opengov.gr/ministryofjustice/?p=6821,1084,"Ι) Ενσωμάτωση της Οδηγίας 2000/43/ΕΚ περί εφαρμογής της αρχής της ίσης μεταχείρισης προσώπων ασχέτως φυλετικής ή εθνοτικής τους καταγωγής,της Οδηγίας 2000/78/ΕΚ για τη διαμόρφωση γενικού πλαισίου για την ίση μεταχείριση στην απασχόληση και την εργασία και της Οδηγίας 2014/54/ΕΕ περί μέτρων που διευκολύνουν την άσκηση των δικαιωμάτων των εργαζομένων στο πλαίσιο της ελεύθερης κυκλοφορίας των εργαζομένων, II) λήψη αναγκαίων μέτρων συμμόρφωσης με τα άρθρα 22, 23, 30, 31 παρ. 1, 32 και 34 του Κανονισμού 596/2014 για την κατάχρηση της αγοράς και την κατάργηση της Οδηγίας 2003/6/ΕΚ του Ευρωπαϊκού Κοινοβουλίου και του Συμβουλίου και τωνΟδηγιών της Επιτροπής 2003/124/ΕΚ, 2003/125 ΕΚ και 2004/72/ΕΚ και ενσωμάτωση της Οδηγίας 2014/57/ΕΕ περί ποινικών κυρώσεων για την κατάχρηση αγοράς και της εκτελεστικής Οδηγίας 2015/2392, III) ενσωμάτωση της Οδηγίας 2014/62 σχετικά με την προστασία του ευρώ και άλλων νομισμάτων από την παραχάραξη και την κιβδηλεία μέσω του ποινικού δικαίου και για την αντικατάσταση της απόφασης - πλαισίου 2000/383/ΔΕΥ του Συμβουλίου και IV) Σύσταση Εθνικού Μηχανισμού Διερεύνησης Περιστατικών Αυθαιρεσίας στα σώματα ασφαλείας και τους υπαλλήλους των καταστημάτων κράτησης και άλλες διατάξεις.",232 Α'/09.12.2016,https://www.hellenicparliament.gr/Nomothetiko-Ergo/Anazitisi-Nomothetikou-Ergou?law_id=246e2286-a8e1-4283-95c0-a6b901169a95
384,"«Ενιαίο Σύστημα Κινητικότητας στη Δημόσια Διοίκηση, κωλύματα επιλογής και υποχρεώσεις των προσώπων που στελεχώνουν τις θέσεις των άρθρων 6 και 8 του Ν. 4369/2016 προς ενίσχυση της ακεραιότητας και προς πρόληψη των περιπτώσεων σύγκρουσης συμφερόντων και λοιπές διατάξεις περί Δημόσιας Διοίκησης»",http://www.opengov.gr/ypes/?p=3974,1085,"Ενιαίο Σύστημα Κινητικότητας στη Δημόσια Διοίκηση και την Τοπική Αυτοδιοίκηση, υποχρεώσεις των προσώπων που διορίζονται στις θέσεις των άρθρων 6 και 8 του N. 4369/2016, ασυμβίβαστα και πρόληψη των περιπτώσεων σύγκρουσης συμφερόντων και λοιπές διατάξεις.",224 A'/02.12.2016,https://www.hellenicparliament.gr/Nomothetiko-Ergo/Anazitisi-Nomothetikou-Ergou?law_id=701003cb-548d-4420-8f71-a6c20159bad4
386,"Αναλογική Εκπροσώπηση των Πολιτικών Κομμάτων, Διεύρυνση του Δικαιώματος Εκλέγειν και άλλες Διατάξεις περί Εκλογής Βουλευτών",http://www.opengov.gr/ypes/?p=3914,1086,"Αναλογική Εκπροσώπηση των πολιτικών κομμάτων, διεύρυνση του δικαιώματος εκλέγειν και άλλες διατάξεις περί εκλογής Βουλευτών.",133 Α'/26.07.2016,https://www.hellenicparliament.gr/Nomothetiko-Ergo/Anazitisi-Nomothetikou-Ergou?law_id=d0e8dc0b-758d-45f0-9e15-a63a0147e432
387,Ηλεκτρονικό Σύστημα Διάθεσης Διαφημιστικού Χρόνου,http://www.opengov.gr/ypep/?p=493,1087,"Ηλεκτρονικό σύστημα διάθεσης τηλεοπτικού διαφημιστικού χρόνου, τροποποίηση του ν. 3548/2007, σύσταση μητρώου περιφερειακού και τοπικού Τύπου, ειδική σήμανση γραμμωτού κώδικα στις έντυπες εκδόσεις, δημιουργία θεσμικού πλαισίου για την ενίσχυση της παραγωγής οπτικοακουστικών έργων στην Ελλάδα και άλλες διατάξεις.",116 A'/09.08.2017,https://www.hellenicparliament.gr/Nomothetiko-Ergo/Anazitisi-Nomothetikou-Ergou?law_id=a7fbf28f-4bdb-4a7b-a592-a7b7016e9f80
391,Ελληνικό Ίδρυμα Έρευνας και Καινοτομίας,http://www.opengov.gr/ypepth/?p=3100,1089,Ελληνικό Ίδρυμα Έρευνας και Καινοτομίας και άλλες διατάξεις.,199 A'/21.10.2016,https://www.hellenicparliament.gr/Nomothetiko-Ergo/Anazitisi-Nomothetikou-Ergou?law_id=fc2f4fc9-2077-4b4f-ad01-a68700c83305
393,Παράβολα και τέλη ένδικων βοηθημάτων και διαδικαστικών πράξεων – Δικαστικά έξοδα,http://www.opengov.gr/ministryofjustice/?p=6486,1090,Αντικατάσταση και συμπλήρωση του ν. 703/1977 «Περί ελέγχου μονοπωλίων και ολιγοπωλίων και προστασίας του ελεύθερου ανταγωνισμού» (ΦΕΚ 278Α),188 Α'/02.08.2005,https://www.hellenicparliament.gr/Nomothetiko-Ergo/Anazitisi-Nomothetikou-Ergou?law_id=838eafc9-ac4b-4e36-b0b8-b002c1f4b6dc
396,Νέο καθεστώς στήριξης των σταθμών παραγωγής ηλεκτρικής ενέργειας από Ανανεώσιμες Πηγές Ενέργειας και Συμπαραγωγή Ηλεκτρισμού και θερμότητας υψηλής απόδοσης,http://www.opengov.gr/minenv/?p=7396,1091,Νέο καθεστώς στήριξης των σταθμών παραγωγής ηλεκτρικής ενέργειας από Ανανεώσιμες Πηγές Ενέργειας και Συμπαραγωγή Ηλεκτρισμού και Θερμότητας Υψηλής Απόδοσης - Διατάξεις για το νομικό και λειτουργικό διαχωρισμό των κλάδωνπρομήθειας και διανομής στην αγορά του φυσικού αερίου και άλλες διατάξεις.,149 Α΄/09.08.2016,https://www.hellenicparliament.gr/Nomothetiko-Ergo/Anazitisi-Nomothetikou-Ergou?law_id=4cf59731-bc09-47d8-b4ce-a656014d6c8a
399,Ενίσχυση της καταπολέμησης της παράνομης εμπορίας καπνού και βιομηχανοποιημένων καπνών – Ίδρυση Συντονιστικού Κέντρου για την Καταπολέμηση του Λαθρεμπορίου,http://www.opengov.gr/minfin/?p=6879,1092,"Τροποποιήσεις του Εθνικού Τελωνειακού Κώδικα προς ενίσχυση της καταπολέμησης της παράνομης εμπορίας καπνού και βιομηχανοποιημένων καπνών και Ίδρυση Συντονιστικού Κέντρου για την Καταπολέμηση του λαθρεμπορίου, εναρμόνιση της ελληνικής νομοθεσίας προς την απόφαση 2009/917/ΔΕΥ του Συμβουλίου της 30ής Νοεμβρίου 2009 για τη χρήση της πληροφορικής για τελωνειακούς σκοπούς και άλλες διατάξεις αρμοδιότητας Υπουργείου Οικονομικών και ενσωμάτωση στην εθνική νομοθεσία των άρθρων 15,16 και 18 της οδηγίας 2014/40/ΕΕ του Ευρωπαϊκού Κοινοβουλίου και του Συμβουλίου της 3ης Απριλίου 2014 για την προσέγγιση των νομοθετικών, κανονιστικών και διοικητικών διατάξεων των κρατών - μελών σχετικά με την κατασκευή, την παρουσίαση και την πώληση προϊόντων καπνού και συναφών προϊόντων και την κατάργηση της οδηγίας 2001/37/ΕΚ και άλλες διατάξεις.",141 Α'/03.08.2016,https://www.hellenicparliament.gr/Nomothetiko-Ergo/Anazitisi-Nomothetikou-Ergou?law_id=6d64e84c-7db9-4e39-af0c-a64200cb960f
406,"ΜΕΤΑΡΡΥΘΜΙΣΗ ΤΗΣ ΔΙΟΙΚΗΤΙΚΗΣ ΟΡΓΑΝΩΣΗΣ ΤΩΝ ΥΠΗΡΕΣΙΩΝ ΨΥΧΙΚΗΣ ΥΓΕΙΑΣ, ΚΕΝΤΡΑ ΑΝΑΦΟΡΑΣ ΣΠΑΝΙΩΝ ΠΑΘΗΣΕΩΝ ΚΑΙ ΑΛΛΕΣ ΔΙΑΤΑΞΕΙΣ",http://www.opengov.gr/yyka/?p=1717,1094,"Μεταρρύθμιση της Διοικητικής Οργάνωσης των υπηρεσιών ψυχικής υγείας, Κέντρα Εμπειρογνωμοσύνης σπάνιων και πολύπλοκων νοσημάτων, τροποποίηση συνταξιοδοτικών ρυθμίσεων του ν. 4387/2016 και άλλες διατάξεις.",38 A'/28-03-2017,https://www.hellenicparliament.gr/Nomothetiko-Ergo/Anazitisi-Nomothetikou-Ergou?law_id=7e18269e-f2a5-43ba-bf5c-a7220125b024
412,Οργάνωση και λειτουργία των χερσαίων συνοριακών σταθμών της χώρας, http://www.opengov.gr/ypes/?p=3715,1098,"Ενιαίο ρυθμιστικό πλαίσιο για την οργάνωση και λειτουργία του Ελληνικού Γεωργικού Οργανισμού - ΔΗΜΗΤΡΑ, σύσταση και λειτουργία φορέα διαχείρισης Παραδοσιακού Ελαιώνα Άμφισσας και άλλες διατάξεις για την ενίσχυση της αγροτικής ανάπτυξης",76 Α΄/28.03.2023 ,https://www.hellenicparliament.gr/Nomothetiko-Ergo/Anazitisi-Nomothetikou-Ergou?law_id=5f8d6be2-62e5-47fc-b44f-afc50006bcb4
416,Ενιαίο Σύστημα Κοινωνικής Ασφάλειας – Μεταρρύθμιση ασφαλιστικού – συνταξιοδοτικού συστήματος – Ρυθμίσεις φορολογίας εισοδήματος και τυχερών παιγνίων,http://www.opengov.gr/minlab/?p=3077,1100,Ενιαίο Σύστημα Κοινωνικής Ασφάλειας - Μεταρρύθμιση ασφαλιστικού-συνταξιοδοτικού συστήματος - Ρυθμίσεις φορολογίας εισοδήματος και τυχερών παιγνίων και άλλες διατάξεις.,85 A'/ 12.05.2016,https://www.hellenicparliament.gr/Nomothetiko-Ergo/Anazitisi-Nomothetikou-Ergou?law_id=1423bab0-533b-4860-93fc-a5f001430f6c
430,ΣΥΣΤΑΣΗ ΑΝΑΠΤΥΞΙΑΚΟΥ ΣΥΜΒΟΥΛΙΟΥ ΥΠΟΥΡΓΕΙΟΥ ΟΙΚΟΝΟΜΙΑΣ ΑΝΑΠΤΥΞΗΣ ΚΑΙ ΤΟΥΡΙΣΜΟΥ,http://www.opengov.gr/ypoian/?p=5525,1106,Θεσμικό πλαίσιο για τη σύσταση καθεστώτων Ενισχύσεων Ιδιωτικών Επενδύσεων για την περιφερειακή και οικονομική ανάπτυξη της χώρας - Σύσταση Αναπτυξιακού Συμβουλίου και άλλες διατάξεις.,117 A'/22.06.2016,https://www.hellenicparliament.gr/Nomothetiko-Ergo/Anazitisi-Nomothetikou-Ergou?law_id=9b433789-dc33-4a10-a454-a61901526035
458,"Εθνική Επικοινωνιακή Πολιτική, Οργάνωση της Επικοινωνιακής Διπλωματίας και Σύσταση Εθνικού Κέντρου Οπτικοακουστικών Μέσων και Επικοινωνίας και Μητρώου Επιχειρήσεων Ηλεκτρονικών Μέσων Ενημέρωσης",http://www.opengov.gr/ypep/?p=367,1118,"Αδειοδότηση παρόχων περιεχομένου επίγειας ψηφιακής τηλεοπτικής ευρυεκπομπής ελεύθερης λήψης − Ίδρυση συνδεδεμένης με την Ε.P.T. Α.Ε. ανώνυμης εταιρίας για την ανάπτυξη δικτύου επίγειας ψηφιακής ευρυεκπομπής − Ρύθμιση θεμάτων Εθνικής Επιτροπής Τηλεπικοινωνιών και Ταχυδρομείων (Ε.Ε.Τ. Τ.) − Εθνική Επικοινωνιακή Πολιτική, Οργάνωση της Επικοινωνιακής Διπλωματίας − Σύσταση Εθνικού Κέντρου Οπτικοακουστικών Μέσων και Επικοινωνίας και Μητρώου Επιχειρήσεων Ηλεκτρονικών Μέσων Ενημέρωσης − Τροποποίηση διατάξεων του Ν. 4070/2012 (Α΄ 82) και άλλες διατάξεις.",133 Α'/29.10.2015,https://www.hellenicparliament.gr/Nomothetiko-Ergo/Anazitisi-Nomothetikou-Ergou?law_id=8b57b26c-2490-4a56-abb7-a536013f3790
459,"Αδειοδότηση παρόχων περιεχομένου επίγειας ψηφιακής τηλεοπτικής ευρυεκπομπής ελεύθερης λήψης – Ίδρυση συνδεδεμένης εταιρίας παρ.4 άρθρου 1 του Ν. 4324/2015 (ΦΕΚ Α’ 44/2015) – Ρύθμιση θεμάτων Εθνικής Επιτροπής Τηλεπικοινωνιών και Ταχυδρομείων (Ε.Ε.Τ.Τ), τροποποίηση διατάξεων Ν. 4070/2012 (ΦΕΚ Α΄ 82/2012) και άλλες διατάξεις",http://www.opengov.gr/ypep/?p=298,1119,"Αδειοδότηση παρόχων περιεχομένου επίγειας ψηφιακής τηλεοπτικής ευρυεκπομπής ελεύθερης λήψης − Ίδρυση συνδεδεμένης με την Ε.P.T. Α.Ε. ανώνυμης εταιρίας για την ανάπτυξη δικτύου επίγειας ψηφιακής ευρυεκπομπής − Ρύθμιση θεμάτων Εθνικής Επιτροπής Τηλεπικοινωνιών και Ταχυδρομείων (Ε.Ε.Τ. Τ.) − Εθνική Επικοινωνιακή Πολιτική, Οργάνωση της Επικοινωνιακής Διπλωματίας − Σύσταση Εθνικού Κέντρου Οπτικοακουστικών Μέσων και Επικοινωνίας και Μητρώου Επιχειρήσεων Ηλεκτρονικών Μέσων Ενημέρωσης − Τροποποίηση διατάξεων του Ν. 4070/2012 (Α΄ 82) και άλλες διατάξεις.",133 Α'/29.10.2015,https://www.hellenicparliament.gr/Nomothetiko-Ergo/Anazitisi-Nomothetikou-Ergou?law_id=8b57b26c-2490-4a56-abb7-a536013f3790
483,"Δημόσια Διαβούλευση για το Σχέδιο Νόμου «Μεταρρυθμίσεις ποινικών διατάξεων, κατάργηση των καταστημάτων κράτησης Γ’ τύπου και άλλες διατάξεις»",http://www.opengov.gr/ministryofjustice/?p=6060,1127,"Μεταρρυθμίσεις ποινικών διατάξεων, κατάργηση των καταστημάτων κράτησης Γ΄ τύπου και άλλες διατάξεις.",42 Α'/ 27.04.2015,https://www.hellenicparliament.gr/Nomothetiko-Ergo/Anazitisi-Nomothetikou-Ergou?law_id=7d2a5ff9-5101-423d-99dd-a46e00fa1d5c
484,Δημόσια Διαβούλευση για το σχέδιο νόμου «Εκδημοκρατισμός της διοίκησης – Καταπολέμηση Γραφειοκρατίας και Ηλεκτρονική Διακυβέρνηση – Αποκατάσταση Αδικιών και άλλες διατάξεις»,http://www.opengov.gr/ypes/?p=2575,1128,Εκδημοκρατισμός της Διοίκησης − Καταπολέμηση Γραφειοκρατίας και Ηλεκτρονική Διακυβέρνηση. Αποκατάσταση αδικιών και άλλες διατάξεις,47 A'/11.05.2015,https://www.hellenicparliament.gr/Nomothetiko-Ergo/Anazitisi-Nomothetikou-Ergou?law_id=89e03b77-5816-4313-a5ee-a47300035379
485,ΣΧΕΔΙΟ ΝΟΜΟΥ ΡΥΘΜΙΣΕΙΣ ΓΙΑ ΤΗΝ ΕΠΑΝΕΚΚΙΝΗΣΗ ΤΗΣ ΟΙΚΟΝΟΜΙΑΣ,http://www.opengov.gr/minfin/?p=4940,1129,"Ρυθμίσεις θεμάτων προσωπικού με σύμβαση εργασίας ιδιωτικού δικαίου αορίστου χρόνου και άλλες διατάξεις οργάνωσης και λειτουργίας της Δημόσιας Διοίκησης.ΕΙΣΗΓΗΤΕΣ: Σ. Κεδίκογλου, Π. Ρήγας",163 Α'/04.09.2009,https://www.hellenicparliament.gr/Nomothetiko-Ergo/Anazitisi-Nomothetikou-Ergou?law_id=b5b7df91-a466-4d06-b2d5-ce28b76d6eb3
486,"Ρυθμίσεις Θεμάτων Δημόσιου Ραδιοτηλεοπτικού Φορέα, Ελληνική Ραδιοφωνία Τηλεόραση Ανώνυμη Εταιρεία και τροποποίηση του άρθρου 48 του ν. 2190/1920",http://www.opengov.gr/ypep/?p=207,1130,"Ρυθμίσεις θεμάτων Δημόσιου Ραδιοτηλεοπτικού Φορέα, Ελληνική Ραδιοφωνία Τηλεόραση Ανώνυμη Εταιρεία και τροποποίηση του άρθρου 48 του κ.ν. 2190/1920 και άλλες διατάξεις.",44 A'/29.04.2015,https://www.hellenicparliament.gr/Nomothetiko-Ergo/Anazitisi-Nomothetikou-Ergou?law_id=43568363-af33-4f55-8e17-a46d01455ede
497,Δημόσια Διαβούλευση για το «Εθνικό Σχέδιο Δράσης για τα Δικαιώματα του Παιδιού»,http://www.opengov.gr/ministryofjustice/?p=5983,1135,"Οργάνωση και λειτουργία των υπηρεσιών Δημόσιας Υγείας και λοιπές διατάξεις. ΕΙΣΗΓΗΤΕΣ: Π.Μελάς, Λ. Γρηγοράκος",176 Α'/11.07.2005,https://www.hellenicparliament.gr/Nomothetiko-Ergo/Anazitisi-Nomothetikou-Ergou?law_id=909b6cf3-3ff7-46b5-9de6-68a35476e992
499,Ενσωμάτωση στο ελληνικό δίκαιο της Οδηγίας 2011/99/EE του Ευρωπαϊκού Κοινοβουλίου και του Συμβουλίου της 13ης Δεκεμβρίου 2011 περί της ευρωπαϊκής εντολής προστασίας,http://www.opengov.gr/ministryofjustice/?p=5942,1136,"Συνταξιοδοτικές ρυθμίσεις, ενσωμάτωση στο Ελληνικό Δίκαιο της Οδηγίας 2012/27/ΕΕ του Ευρωπαϊκού Κοινοβουλίου και του Συμβουλίου της 25ης Οκτωβρίου 2012 «Για την ενεργειακή απόδοση, την τροποποίηση των Οδηγιών 2009/125/ΕΚ και 2010/30/ΕΕ και την κατάργηση των Οδηγιών 2004/8/ΕΚ και 2006/32/ΕΚ», όπως τροποποιήθηκε από την Οδηγία 2013/12/ΕΕ του Συμβουλίου της 13ης Μαΐου 2013 «Για την προσαρμογή της Οδηγίας 2012/27/ΕΕ του Ευρωπαϊκού Κοινοβουλίου και του Συμβουλίου για την ενεργειακή απόδοση, λόγω της προσχώρησης της Δημοκρατίας της Κροατίας» και άλλες διατάξεις.",143 Α΄/09.11.2015,https://www.hellenicparliament.gr/Nomothetiko-Ergo/Anazitisi-Nomothetikou-Ergou?law_id=3dca13fa-93f0-44e2-a1ad-a540012b3c29
504,Δημόσια διαβούλευση για το σχέδιο νόμου «Ελληνικά Λογιστικά Πρότυπα και συναφείς ρυθμίσεις».,http://www.opengov.gr/minfin/?p=4846,1138,Ελληνικά Λογιστικά Πρότυπα και συναφείς ρυθμίσεις.,251 A'/24.11.2014,https://www.hellenicparliament.gr/Nomothetiko-Ergo/Anazitisi-Nomothetikou-Ergou?law_id=ac2b58c1-02d7-4066-b265-a3e000ba104f
514,"Τεχνικές Προδιαγραφές για τη μεταφορά, εκπομπή, διανομή και εκμετάλευση Ραδιοτηλεοπτικών σημάτων της ΝΕΡΙΤ παγκοσμίως (Εκτός Ευρώπης)",http://www.opengov.gr/ert/?p=4293,1144,"Αναδιοργάνωση της δημοτικής αστυνομίας και ρυθμίσεις λοιπών θεμάτων αρμοδιότητας Υπουργείου Εσωτερικών.ΕΙΣΗΓΗΤΕΣ: Σ. Κεδίκογλου, Γ. Ντόλιος",263 Α'/23.12.2008,https://www.hellenicparliament.gr/Nomothetiko-Ergo/Anazitisi-Nomothetikou-Ergou?law_id=e949b899-6904-48d4-83b5-55bcea179f00
519,Εθνικό Σχέδιο Δράσης για την Εταιρική Κοινωνική Ευθύνη,http://www.opengov.gr/ypoian/?p=5188,1148,"Οργάνωση και λειτουργία των υπηρεσιών Δημόσιας Υγείας και λοιπές διατάξεις. ΕΙΣΗΓΗΤΕΣ: Π.Μελάς, Λ. Γρηγοράκος",176 Α'/11.07.2005,https://www.hellenicparliament.gr/Nomothetiko-Ergo/Anazitisi-Nomothetikou-Ergou?law_id=909b6cf3-3ff7-46b5-9de6-68a35476e992
521,Ίδρυση και Οργάνωση Συμβουλίου Εθνικής Πολιτικής για την Παιδεία και άλλες διατάξεις,http://www.opengov.gr/ypepth/?p=2112,1150,Ίδρυση και οργάνωση Συμβουλίου Εθνικής Πολιτικής για την Παιδεία και άλλες διατάξεις.,189 A'/10.09.2014,https://www.hellenicparliament.gr/Nomothetiko-Ergo/Anazitisi-Nomothetikou-Ergou?law_id=d7a9f46a-9967-40e9-b84d-4437b513924b
529,Δημόσια διαβούλευση γι ατο σχέδιο νόμου «Πράξεις εισφοράς σε γη και σε χρήμα – Ρυμοτομικές απαλλοτριώσεις»,http://www.opengov.gr/minenv/?p=6237,1151,Πράξεις εισφοράς σε γη και σε χρήμα-Ρυμοτομικές απαλλοτριώσεις και άλλες διατάξεις,269 A'/24.12.2014,https://www.hellenicparliament.gr/Nomothetiko-Ergo/Anazitisi-Nomothetikou-Ergou?law_id=247fa2eb-10b2-4680-aa19-a3fc00c9cf96
530,Δημόσια διαβούλευση σχέδιο νόμου με τίτλο: «Προσαρμογή των διατάξεων του ν. 344/1976 στο νέο τρόπο κατάρτισης των ληξιαρχικών πράξεων και λοιπές διατάξεις».,http://www.opengov.gr/ypes/?p=2394,1152,"Ταχεία πολιτική δίκη, προσαρμογή των διατάξεων της πολιτικής δικονομίας για την ψηφιοποίηση της πολιτικής δικαιοσύνης, άλλες τροποποιήσεις στον Κώδικα Πολιτικής Δικονομίας και λοιπές επείγουσες διατάξεις.",190 A'/13.10.2021,https://www.hellenicparliament.gr/Nomothetiko-Ergo/Anazitisi-Nomothetikou-Ergou?law_id=b98d614a-5785-4434-ad1d-adb201472bb5
532,"Δημόσια διαβούλευση επί σχεδίου νόμου «Φάροι, στρατολογία και άλλες διατάξεις»",http://www.opengov.gr/mindefence/?p=5054,1153,"Φάροι, Στρατολογία και άλλες διατάξεις.",157 A'/04.08.2014,https://www.hellenicparliament.gr/Nomothetiko-Ergo/Anazitisi-Nomothetikou-Ergou?law_id=9224f82c-12d9-452a-a339-ac1adc8c09f8
533,Δημόσια διαβούλευση επί σχεδίου νόμου «Χωροταξικός και πολεοδομικός σχεδιασμός»,http://www.opengov.gr/minenv/?p=6197,1154,Αρχές και κανόνες για την εξυγίανση της λειτουργίας και την ανάπτυξη βασικών τομέων του εμπορίου και της αγοράς - Θέματα  Υπουργείου Ανάπτυξης,202 Α'/19.08.2005,https://www.hellenicparliament.gr/Nomothetiko-Ergo/Anazitisi-Nomothetikou-Ergou?law_id=27fd09a3-947e-431b-9aaf-fad9e6f97235
539,ΚΥΡΩΣΗ ΚΑΙ ΠΡΟΣΑΡΜΟΓΗ ΤΗΣ ΕΛΛΗΝΙΚΗΣ ΝΟΜΟΘΕΣΙΑΣ ΠΡΟΣ ΤΙΣ ΔΙΑΤΑΞΕΙΣ ΤΗΣ ΔΙΕΘΝΟΥΣ ΣΥΜΒΑΣΗΣ ΓΙΑ ΤΗΝ ΠΡΟΣΤΑΣΙΑ ΟΛΩΝ ΤΩΝ ΠΡΟΣΩΠΩΝ ΑΠΟ ΑΝΑΓΚΑΣΤΙΚΗ ΕΞΑΦΑΝΙΣΗ,http://www.opengov.gr/ministryofjustice/?p=5563,1157,"I) Κύρωση και προσαρμογή της ελληνικής νομοθεσίας στη Σύμβαση της Βαρσοβίας της 16ης Μαΐου 2005 του Συμβουλίου της Ευρώπης για τη νομιμοποίηση, ανίχνευση, κατάσχεση και δήμευση εσόδων από εγκληματικές δραστηριότητες και για τη χρηματοδότηση της τρομοκρατίας, ενσωμάτωση της Α-Π 2003/577/ΔΕΥ, της Α-Π 2005/212/ΔΕΥ, της Α-Π 2006/783/ΔΕΥ, όπως τροποποιήθηκε με την Α-Π 2009/299/ΔΕΥ, και της Οδηγίας 2014/42/ΕΕ, II) Προϋποθέσεις τοποθέτησης ανηλίκων σε ίδρυμα ή ανάδοχη οικογένεια από και προς κράτη - μέλη της Ευρωπαϊκής Ένωσης βάσει του άρθρου 56 του Κανονισμού (ΕΚ) αριθμ. 2201/2003 του Συμβουλίου της 27ης Νοεμβρίου 2003, για τη διεθνή δικαιοδοσία και την αναγνώριση και εκτέλεση αποφάσεων σε γαμικές διαφορές και διαφορές γονικής μέριμνας, ο οποίος καταργεί τον Κανονισμό (ΕΚ) 1347/2000, III) Ενσωμάτωση της Οδηγίας 2013/48/ΕΕ του Ευρωπαϊκού Κοινοβουλίου και του Συμβουλίου της 22ας Οκτωβρίου 2013, σχετικά με το δικαίωμα πρόσβασης σε δικηγόρο στο πλαίσιο ποινικής διαδικασίας και διαδικασίας εκτέλεσης του ευρωπαϊκού εντάλματος σύλληψης, καθώς και σχετικά με το δικαίωμα ενημέρωσης τρίτου προσώπου σε περίπτωση στέρησης της ελευθερίας του και με το δικαίωμα επικοινωνίας με τρίτα πρόσωπα και με προξενικές αρχές κατά τη διάρκεια στέρησης της ελευθερίας, IV) Ενσωμάτωση της Οδηγίας 2012/29/ΕΕ για τη θέσπιση ελάχιστων προτύπων σχετικά με τα δικαιώματα, την υποστήριξη και την προστασία θυμάτων της εγκληματικότητας και για την αντικατάσταση της Απόφασης - Πλαίσιο 2001/220/ΔΕΥ του Συμβουλίου και λοιπές διατάξεις.",91 A'/23.06.2017,https://www.hellenicparliament.gr/Nomothetiko-Ergo/Anazitisi-Nomothetikou-Ergou?law_id=e8d154e1-d040-45be-bc33-a78301667b73
544,Δημόσια Διαβούλευση Σχεδίου Νόμου «Άσκηση εμπορικών δραστηριοτήτων εκτός καταστήματος»,http://www.opengov.gr/ypoian/?p=5067,1159,Άσκηση εμπορικών δραστηριοτήτων εκτός καταστήματος και άλλες διατάξεις.,118 A'/15.05.2014,https://www.hellenicparliament.gr/Nomothetiko-Ergo/Anazitisi-Nomothetikou-Ergou?law_id=8e11159a-6c6b-45c3-af5f-7663735c72f2
546,"Δημόσια διαβούλευση στη Στρατηγική για την Ψηφιακή Ανάπτυξη της χώρας, την περίοδο 2014-2020.",http://www.opengov.gr/yme/?p=2830,1160,"Διαχείριση, έλεγχος  και  εφαρμογή αναπτυξιακών παρεμβάσεων για την προγραμματική περίοδο 2007-2013. ΕΙΣΗΓΗΤΕΣ: Η. Καλλιώρας, Γ. Παπακωνσταντίνου",267 A'/03.12.2007,https://www.hellenicparliament.gr/Nomothetiko-Ergo/Anazitisi-Nomothetikou-Ergou?law_id=9814db90-c1a9-4fd0-a266-6b7dc52a2f8a
548,"Δημόσια Διαβούλευση για το σχέδιο νόμου «Ρυθμίσεις θεμάτων μεταφορών, τηλεπικοινωνιών και δημοσίων έργων».",http://www.opengov.gr/yme/?p=2738,1161,"Ρυθμίσεις θεμάτων Μεταφορών, Τηλεπικοινωνιών και Δημοσίων Έργων και άλλες διατάξεις.",261 A'/17.12.2014,https://www.hellenicparliament.gr/Nomothetiko-Ergo/Anazitisi-Nomothetikou-Ergou?law_id=05f6c2aa-9f5d-4e98-8ac3-a3ee00e40bad
549,Δημόσια διαβούλευση επί σχεδίου νόμου «Οργάνωση της νομικής μορφής των θρησκευτικών κοινοτήτων και των ενώσεων τους στην Ελλάδα»,http://www.opengov.gr/ypepth/?p=1875,1162,Οργάνωση της νομικής μορφής των θρησκευτικών κοινοτήτων και των ενώσεών τους στην Ελλάδα και άλλες διατάξεις αρμοδιότητας Γενικής Γραμματείας Θρησκευμάτων και λοιπές διατάξεις.,223 Α'/07.10.2014,https://www.hellenicparliament.gr/Nomothetiko-Ergo/Anazitisi-Nomothetikou-Ergou?law_id=cf2170b4-3091-4f26-b2ce-170a93d744c4
556,"Ενσωμάτωση στην Ελληνική Νομοθεσία της Οδηγίας 2013/36/ΕΕ του Ευρωπαϊκού Κοινοβουλίου και του Συμβουλίου, της 26ης Ιουνίου 2013, σχετικά με την πρόσβαση στη δραστηριότητα πιστωτικών ιδρυμάτων και την προληπτική εποπτεία πιστωτικών ιδρυμάτων και επιχειρήσεων επενδύσεων, για την τροποποίηση της Οδηγίας 2002/87/ΕΚ και για την κατάργηση των οδηγιών 2006/48/ΕΚ και 2006/49/ΕΚ.",http://www.opengov.gr/minfin/?p=4551,1163,Ενσωμάτωση στην ελληνική νομοθεσία της Οδηγίας (ΕΕ) 2019/2235 - Κύρωση Πρόσθετης Πράξης στο Νέο Συνυποσχετικό μεταξύ του Ελληνικού Δημοσίου και της Ναυτιλιακής Κοινότητας και φορολογικές ρυθμίσεις για τη ναυτιλία - Επείγουσες φορολογικές και τελωνειακές ρυθμίσεις - Θεσμικό πλαίσιο λειτουργίας της Κεντρικής Μονάδας Κρατικών Ενισχύσεων και του Δικτύου Κρατικών Ενισχύσεων - Μισθολογικές ρυθμίσεις και άλλες διατάξεις οικονομικού και αναπτυξιακού χαρακτήρα.,226 Α/9.12.2022,https://www.hellenicparliament.gr/Nomothetiko-Ergo/Anazitisi-Nomothetikou-Ergou?law_id=0828c17b-81f1-44be-a187-af58018a832f
558,Δημόσια Διαβούλευση για το σχέδιο νόμου «Καταπολέμηση της διαφθοράς και την προστασία των μαρτύρων δημοσίου συμφέροντος».,http://www.opengov.gr/ministryofjustice/?p=5430,1165,"Ενίσχυση του θεσμικού πλαισίου διασφάλισης του απορρήτου της τηλεφωνικής επικοινωνίας και άλλες διατάξειςΕΙΣΗΓΗΤΕΣ: Α. Καραμάριος, Θ. Τζάκρη",136 Α'/10.07.2008,https://www.hellenicparliament.gr/Nomothetiko-Ergo/Anazitisi-Nomothetikou-Ergou?law_id=b92dd3b9-040f-4d53-8ed5-5a8c8d669fb0
559,Χορήγηση άδειας διάθεσης στην αγορά σε σκευάσματα φυτοπροστατευτικών προϊόντων για ερασιτεχνική χρήση,http://www.opengov.gr/ypaat/?p=1409,1166,"Εισαγωγή στην Ελληνική Αγορά των Βιοκαυσίμων και των άλλων Ανανεώσιμων Καυσίμων. ΕΙΣΗΓΗΤΕΣ: Γ. Καρασμάνης, Φ. Χατζημιχάλης",304 Α'/13.12.2005,https://www.hellenicparliament.gr/Nomothetiko-Ergo/Anazitisi-Nomothetikou-Ergou?law_id=f356b68a-2ee5-49d2-8cea-9ec073dcccd1
562,Δημόσια Διαβούλευση για το σχέδιο νόμου «Απλούστευση της αδειοδότησης των επιχειρήσεων».,http://www.opengov.gr/ypoian/?p=4909,1167,Απλούστευση της αδειοδότησης για την άσκηση οικονομικής δραστηριότητας και άλλες διατάξεις,114 Α'/10.05.2014,https://www.hellenicparliament.gr/Nomothetiko-Ergo/Anazitisi-Nomothetikou-Ergou?law_id=88db4e45-e5eb-49db-8771-9f210aaedce4
563,Δημόσια διαβούλευση για το σχέδιο νόμου «Καταπολέμηση της σεξουαλικής κακοποίησης και εκμετάλλευσης παιδιών και  της παιδικής πορνογραφίας»,http://www.opengov.gr/ministryofjustice/?p=5384,1168,Καταπολέμηση της σεξουαλικής κακοποίησης και εκμετάλλευσης παιδιών και της παιδικής πορνογραφίας και άλλες διατάξεις.,137 A'/12.06.2014,https://www.hellenicparliament.gr/Nomothetiko-Ergo/Anazitisi-Nomothetikou-Ergou?law_id=844de878-7ca2-411f-a5b7-57eb1135feeb
574,"Διοικητικές απλουστεύσεις – Καταργήσεις, Συγχωνεύσεις Νομικών Προσώπων και Υπηρεσιών του Δημόσιου Τομέα – Τροποποίηση διατάξεων Π.Δ. 318/1992 (Α’ 161) και λοιπές ρυθμίσεις",http://www.opengov.gr/minreform/?p=1320,1170,"Διοικητικές Απλουστεύσεις – Καταργήσεις, Συγχωνεύσεις Νομικών Προσώπων και Υπηρεσιών του Δημοσίου Τομέα – Τροποποίηση Διατάξεων του π.δ. 318/1992 (Α΄ 161) και λοιπές ρυθμίσεις.",74 A'/26.03.2014,https://www.hellenicparliament.gr/Nomothetiko-Ergo/Anazitisi-Nomothetikou-Ergou?law_id=1d4ff366-fe42-401b-b286-2cb39e950e64
579,Δημόσια Διαβούλευση  για το «Εθνικό Σχέδιο Δράσης για τα Ανθρώπινα Δικαιώματα»,http://www.opengov.gr/ministryofjustice/?p=5239,1173,"Οργάνωση και λειτουργία των υπηρεσιών Δημόσιας Υγείας και λοιπές διατάξεις. ΕΙΣΗΓΗΤΕΣ: Π.Μελάς, Λ. Γρηγοράκος",176 Α'/11.07.2005,https://www.hellenicparliament.gr/Nomothetiko-Ergo/Anazitisi-Nomothetikou-Ergou?law_id=909b6cf3-3ff7-46b5-9de6-68a35476e992
582,"Δημόσια Διαβούλευση, για το σχέδιο νόμου με τίτλο «Τουριστικά πλοία και άλλες διατάξεις».",http://www.opengov.gr/ynanp/?p=347,1175,Τουριστικά πλοία και άλλες διατάξεις.,92 A'/14.04.2014,https://www.hellenicparliament.gr/Nomothetiko-Ergo/Anazitisi-Nomothetikou-Ergou?law_id=d95c8920-f4a4-46df-8b05-8024e32ccd6a
589,Τεχνικές Οδηγίες για την εφαρμογή της παρ. 8 του άρθρου 11 του ν. 4178/2013 «Αντιμετώπιση της Αυθαίρετης Δόμησης − Περιβαλλοντικό Ισοζύγιο και άλλες διατάξεις.» (ΦΕΚ 174 Α’).,http://www.opengov.gr/minenv/?p=5349,1177,Αντιμετώπιση της Αυθαίρετης Δόμησης − Περιβαλλοντικό Ισοζύγιο και άλλες διατάξεις,174 A'/08.08.2013,https://www.hellenicparliament.gr/Nomothetiko-Ergo/Anazitisi-Nomothetikou-Ergou?law_id=410420c1-af4d-4141-9d1c-bc30c496a968
593,Δημόσια διαβούλευση  στο Σχέδιο Νόμου: «Ρυθμίσεις Υπουργείου Διοικητικής Μεταρρύθμισης και Ηλεκτρονικής Διακυβέρνησης και άλλες διατάξεις»,http://www.opengov.gr/minreform/?p=1153,1191,Ρυθμίσεις Υπουργείου Διοικητικής Μεταρρύθμισης και Ηλεκτρονικής Διακυβέρνησης,254 A'/ 21.11.2013,https://www.hellenicparliament.gr/Nomothetiko-Ergo/Anazitisi-Nomothetikou-Ergou?law_id=014dd11b-26f7-41b3-9787-3e05f375d505
598,Δημόσια Διαβούλευση επί του σχεδίου νόμου «Αναδιάρθρωση της Δευτεροβάθμιας Εκπαίδευσης και Λοιπές Διατάξεις αρμοδιότητας Υπουργείου Παιδείας και Θρησκευμάτων»,http://www.opengov.gr/ypepth/?p=1687,1192,Αναδιάρθρωση της Δευτεροβάθμιας Εκπαίδευσης και λοιπές διατάξεις,193 Α'/17.09.2013,https://www.hellenicparliament.gr/Nomothetiko-Ergo/Anazitisi-Nomothetikou-Ergou?law_id=638ab1e6-7854-4ce4-89b2-3649a78e2982
601,Σχέδιο νόμου για την ενσωμάτωση Ενσωμάτωση Οδηγίας 2011/61/ΕΕ,http://www.opengov.gr/minfin/?p=3922,1193,"Κύρωση Σύμβασης Παραχώρησης του Έργου της Μελέτης, Κατασκευής, Χρηματοδότησης, Λειτουργίας, Συντήρησης και Εκμετάλλευσης του Αυτοκινητοδρόμου «Ιονία Οδός» από Αντίρριο μέχρι Ιωάννινα, ΠΑΘΕ Αθήνα (Α/Κ Μεταμόρφωσης) - Μαλιακός (Σκάρφεια) και Συνδετηρίου Κλάδου του ΠΑΘΕ Σχηματάρι - Χαλκίδα και λοιπές διατάξειςΕΙΣΗΓΗΤΕΣ: Γ. Παπαγεωργίου, Θ. Κολιοπάνος",81 Α'/16.04.2007,https://www.hellenicparliament.gr/Nomothetiko-Ergo/Anazitisi-Nomothetikou-Ergou?law_id=fc015f97-c8ca-4bcc-a824-0549dcdf23db
602,Σχέδιο νόμου για την ενσωμάτωση της Οδηγίας 2011/89/ΕΕ,http://www.opengov.gr/minfin/?p=3747,1194,"Κύρωση Σύμβασης Παραχώρησης του Έργου της Μελέτης, Κατασκευής, Χρηματοδότησης, Λειτουργίας, Συντήρησης και Εκμετάλλευσης του Αυτοκινητοδρόμου «Ιονία Οδός» από Αντίρριο μέχρι Ιωάννινα, ΠΑΘΕ Αθήνα (Α/Κ Μεταμόρφωσης) - Μαλιακός (Σκάρφεια) και Συνδετηρίου Κλάδου του ΠΑΘΕ Σχηματάρι - Χαλκίδα και λοιπές διατάξειςΕΙΣΗΓΗΤΕΣ: Γ. Παπαγεωργίου, Θ. Κολιοπάνος",81 Α'/16.04.2007,https://www.hellenicparliament.gr/Nomothetiko-Ergo/Anazitisi-Nomothetikou-Ergou?law_id=fc015f97-c8ca-4bcc-a824-0549dcdf23db
607,Δημόσια Διαβούλευση επί σχεδίου απόφασης για την Υποβολή καταστάσεων φορολογικών στοιχείων για διασταύρωση,http://www.opengov.gr/minfin/?p=3436,1196,"Κίνητρα Ιδιωτικών Επενδύσεων για την Οικονομική Ανάπτυξη και την Περιφερειακή Σύγκλιση.ΕΙΣΗΓΗΤΕΣ: Ν. Λέγκας, Χ. Βερελής.",261 Α'/23.12.2004,https://www.hellenicparliament.gr/Nomothetiko-Ergo/Anazitisi-Nomothetikou-Ergou?law_id=dadb0df7-ed2d-43aa-b48d-c268e56b5477
609,"Δημόσια Διαβούλευση για το Σχέδιο Νόμου «Δίκαιη ικανοποίηση λόγω υπέρβασης της εύλογης διάρκειας της δίκης, στα πολιτικά και ποινικά δικαστήρια και στο Ελεγκτικό Συνέδριο»",http://www.opengov.gr/ministryofjustice/?p=4770,1197,"Δίκαιη ικανοποίηση λόγω υπέρβασης της εύλογης διάρκειας της δίκης, στα πολιτικά και ποινικά δικαστήρια και στο Ελεγκτικό Συνέδριο και άλλες διατάξεις.",43 A'/20.02.2014,https://www.hellenicparliament.gr/Nomothetiko-Ergo/Anazitisi-Nomothetikou-Ergou?law_id=d4083746-d69e-4431-8ed8-d8f7a2eaa426
618,Δημόσια Διαβούλευση  επί του σχεδίου νόμου «Ρύθμιση Θεμάτων Οργάνωσης και Διεξαγωγής Ιπποδρομιών επί των οποίων διεξάγεται στοίχημα»,http://www.opengov.gr/ypepth/?p=1624,1198,Ρύθμιση θεμάτων οργάνωσης και λειτουργίας των Τεχνολογικών Εκπαιδευτικών Ιδρυμάτων και άλλες διατάξεις,136 Α'/23.06.1998,https://www.hellenicparliament.gr/Nomothetiko-Ergo/Anazitisi-Nomothetikou-Ergou?law_id=1f8e80ed-05bb-4a46-973a-7506fa70c76f
621,Δημόσια διαβούλευση στο σχέδιο νόμου με τίτλο «Τουριστικά Πλοία και άλλες διατάξεις».,http://www.opengov.gr/ynanp/?p=260,1199,Τουριστικά πλοία και άλλες διατάξεις.,92 A'/14.04.2014,https://www.hellenicparliament.gr/Nomothetiko-Ergo/Anazitisi-Nomothetikou-Ergou?law_id=d95c8920-f4a4-46df-8b05-8024e32ccd6a
624,Δημόσια Διαβούλευση  για το σχέδιο νόμου «Αντιμετώπιση της Αυθαίρετης Δόμησης και Περιβαλλοντικό Ισοζύγιο»,http://www.opengov.gr/minenv/?p=4983,1200,Αντιμετώπιση της Αυθαίρετης Δόμησης − Περιβαλλοντικό Ισοζύγιο και άλλες διατάξεις,174 A'/08.08.2013,https://www.hellenicparliament.gr/Nomothetiko-Ergo/Anazitisi-Nomothetikou-Ergou?law_id=410420c1-af4d-4141-9d1c-bc30c496a968
625,Ολοκλήρωση της Δημόσιας Διαβούλευσης «Ρυθμίσεις θεμάτων Ανανεώσιμων Πηγών Ενέργειας (Α.Π.Ε.) και άλλες διατάξεις»,http://www.opengov.gr/minenv/?p=4861,1201,Ρυθμίσεις θεμάτων Ανανεώσιμων Πηγών Ενέργειας και άλλες διατάξεις.,235 A'/01.11.2013,https://www.hellenicparliament.gr/Nomothetiko-Ergo/Anazitisi-Nomothetikou-Ergou?law_id=fd683678-97a0-4d4e-9b6f-7e2658321207
643,"Δημόσια διαβούλευση για τη νομοθετική πρωτοβουλία του Υπουργείου Αγροτικής Ανάπτυξης και Τροφίμων με τίτλο: «Διοικητικά μέτρα, διαδικασίες και κυρώσεις στους τομείς της υγιεινής και ασφάλειας των τροφίμων και των ζωοτροφών, της υγείας και προστασίας των ζώων ως και της διαχείρισης των ζωικών υποπροϊόντων και λοιπές διατάξεις αρμοδιότητας του Υπουργείου Αγροτικής Ανάπτυξης και Τροφίμων»",http://www.opengov.gr/ypaat/?p=908,1203,"Διοικητικά μέτρα, διαδικασίες και κυρώσεις στην εφαρμογή της ενωσιακής και εθνικής νομοθεσίας στους τομείς των τροφίμων, των ζωοτροφών και της υγείαςκαι προστασίας των ζώων και άλλες διατάξεις αρμοδιότητας του Υπουργείου Αγροτικής Ανάπτυξης και Τροφίμων.",32 A'/ 11.02.2014,https://www.hellenicparliament.gr/Nomothetiko-Ergo/Anazitisi-Nomothetikou-Ergou?law_id=08126a40-6484-4044-bbcb-152cef66ac29
644,"Δημόσια διαβούλευση στο σχέδιο νόμου «Ρυθμίσεις για την τροποποίηση και τη βελτίωση συνταξιοδοτικών, δημοσιονομικών, διοικητικών και λοιπών διατάξεων του Υπουργείου Οικονομικών»",http://www.opengov.gr/minfin/?p=1803,1204,"Ρυθμίσεις για την τροποποίηση και τη βελτίωση συνταξιοδοτικών, δημοσιονομικών, διοικητικών και λοιπών διατάξεων του Υπουργείου Οικονομικών",103 Α'/29.04.2013,https://www.hellenicparliament.gr/Nomothetiko-Ergo/Anazitisi-Nomothetikou-Ergou?law_id=362e2f6e-f1b4-455a-b4ed-dff02d482bfd
650,Ολοκλήρωση της Δημόσιας Διαβούλευσης Σχεδίου Νόμου «Ανασυγκρότηση του Υπουργείου Ναυτιλίας και Αιγαίου και άλλες διατάξεις»,http://www.opengov.gr/ynanp/?p=158,1206,Ανασυγκρότηση του Υπουργείου Ναυτιλίας και Αιγαίου και άλλες διατάξεις,102 Α'/29.04.2013,https://www.hellenicparliament.gr/Nomothetiko-Ergo/Anazitisi-Nomothetikou-Ergou?law_id=a150f57d-5630-4974-851d-6564ea1144db
653,Δημόσια διαβούλευση στο σχέδιο νόμου «Ρυθμίσεις θεμάτων Ανανεώσιμων Πηγών Ενέργειας (Α.Π.Ε.) και άλλες διατάξεις».,http://www.opengov.gr/minenv/?p=4717,1207,Ρυθμίσεις θεμάτων Ανανεώσιμων Πηγών Ενέργειας και άλλες διατάξεις.,235 A'/01.11.2013,https://www.hellenicparliament.gr/Nomothetiko-Ergo/Anazitisi-Nomothetikou-Ergou?law_id=fd683678-97a0-4d4e-9b6f-7e2658321207
670,Δημόσια Διαβούλευση επί σχεδίου νόμου «Κατάργηση και συγχώνευση νομικών προσώπων του δημοσίου και του ευρύτερου δημόσιου τομέα»,http://www.opengov.gr/minreform/?p=587,1208,Κατάργηση και συγχώνευση νομικών προσώπων του Δημοσίου και του ευρύτερου δημόσιου τομέα − Σύσταση Γενικής Γραμματείας για το συντονισμό του κυβερνητικού έργου και άλλες διατάξεις,16 A'/23.01.2013,https://www.hellenicparliament.gr/Nomothetiko-Ergo/Anazitisi-Nomothetikou-Ergou?law_id=fcdcef6e-44cb-4365-a5cd-f8ddad69aacd
691,"Έκθεση Δημόσιας Διαβούλευσης «Ρυθμίσεις για την τοπική ανάπτυξη, την αυτοδιοίκηση και την αποκεντρωμένη διοίκηση – Ενσωμάτωση Οδηγίας 2009/50/ΕΚ»",http://www.opengov.gr/ypes/?p=1258,1213,"Ρυθμίσεις για την τοπική ανάπτυξη, την αυτοδιοίκηση και την αποκεντρωμένη διοίκηση Ενσωμάτωση Οδηγίας 2009/50/ΕΚ",85 A'/11.04.2012,https://www.hellenicparliament.gr/Nomothetiko-Ergo/Anazitisi-Nomothetikou-Ergou?law_id=58145e52-08e9-4718-8e1f-6c6397436931
695,Δημόσια Διαβούλευση επί σχεδίου νόμου «Νέος Οικοδομικός Κανονισμός»,http://www.opengov.gr/minenv/?p=3949,1217,Νέος Οικοδομικός Κανονισμός,79 Α'/09.04.2012,https://www.hellenicparliament.gr/Nomothetiko-Ergo/Anazitisi-Nomothetikou-Ergou?law_id=3dc4f0f3-36b8-4431-92d2-4ade78c39705
714,Δημόσια Διαβούλευση του προσχεδίου νόμου «Εναρμόνιση του εθνικού δικαίου προς τις Οδηγίες 2009/28/ΕΚ και 2009/30/ΕΚ και άλλες διατάξεις»,http://www.opengov.gr/minenv/?p=3423,1218,Διατήρηση ενός ελάχιστου επιπέδου αποθεμάτων αργού πετρελαίου ή/και προϊόντων πετρελαίου και άλλες διατάξεις (Εναρμόνιση του εθνικού δικαίου προς την Οδηγία 2009/119/ΕΚ).,43 A'/19.02.2013,https://www.hellenicparliament.gr/Nomothetiko-Ergo/Anazitisi-Nomothetikou-Ergou?law_id=5c7317e6-8bef-4a2b-9c26-24e78dae0abf
718,Δημόσια Διαβούλευση επί του «Πλαισίου Παροχής Υπηρεσιών Ηλεκτρονικής Διακυβέρνησης »,http://www.opengov.gr/minreform/?p=129,1219,"Αναδιοργάνωση της δημοτικής αστυνομίας και ρυθμίσεις λοιπών θεμάτων αρμοδιότητας Υπουργείου Εσωτερικών.ΕΙΣΗΓΗΤΕΣ: Σ. Κεδίκογλου, Γ. Ντόλιος",263 Α'/23.12.2008,https://www.hellenicparliament.gr/Nomothetiko-Ergo/Anazitisi-Nomothetikou-Ergou?law_id=e949b899-6904-48d4-83b5-55bcea179f00
732,Δημόσια Διαβούλευση του Σχεδίου Νόμου «Ρυθμίσεις για την κτηνοτροφία και τις κτηνοτροφικές εγκαταστάσεις»,http://www.opengov.gr/ypaat/?p=421,1221,Ρυθμίσεις για την κτηνοτροφία και τις κτηνοτροφικές εγκαταστάσεις και άλλες διατάξεις.,52 A'/12.03.2012,https://www.hellenicparliament.gr/Nomothetiko-Ergo/Anazitisi-Nomothetikou-Ergou?law_id=1b070ad7-c4e4-45e8-9c27-b42640d206fd
770,Δημόσια Διαβούλευση του Σχέδιο Νόμου «Διεύρυνση της άμεσης και συμμετοχικής δημοκρατίας με τη διενέργεια δημοψηφίσματος»,http://www.opengov.gr/ypes/?p=1149,1227,Διεύρυνση της άμεσης και συμμετοχικής δημοκρατίας με τη διενέργεια δημοψηφίσματος,220 A'/24.10.2011,https://www.hellenicparliament.gr/Nomothetiko-Ergo/Anazitisi-Nomothetikou-Ergou?law_id=3a64525f-b960-4c77-bbd8-b8e6a7faea54
773,"Εκδίκαση πράξεων διαφθοράς πολιτικών και κρατικών αξιωματούχων, υποθέσεων μεγάλου κοινωνικού ενδιαφέροντος και μείζονος δημοσίου συμφέροντος",http://www.opengov.gr/ministryofjustice/?p=1252,1229,"Εκδίκαση πράξεων διαφθοράς πολιτικών και κρατικών αξιωματούχων, υποθέσεων μεγάλου κοινωνικού ενδιαφέροντος και μείζονος δημοσίου συμφέροντος και άλλες διατάξεις",219 Α'/03.10.2011,https://www.hellenicparliament.gr/Nomothetiko-Ergo/Anazitisi-Nomothetikou-Ergou?law_id=dbe1250a-8d1b-4298-9555-3e5f57d4689e
778,Δημόσια Διαβούλευση για τις προτεινόμενες τροποποιήσεις στο νόμο 3489/2006 «Ζώνη Καινοτομίας Θεσσαλονίκης και άλλες διατάξεις»,http://www.opengov.gr/ypoian/?p=2115,1231,"Ζώνη Καινοτομίας Θεσσαλονίκης και άλλες διατάξεις.ΕΙΣΗΓΗΤΕΣ: Σ. Καλαφάτης, Ι. Μανιάτης",205 Α'/02.10.2006,https://www.hellenicparliament.gr/Nomothetiko-Ergo/Anazitisi-Nomothetikou-Ergou?law_id=b951cba0-eec6-40e7-96c9-ab051045521d
795,Δημόσια Διαβούλευση για την αναμόρφωση του θεσμικού πλαισίου χορήγησης αδειών σε υποψήφιους οδηγούς,http://www.opengov.gr/yme/?p=1581,1233,"Αναμόρφωση του θεσμικού πλαισίου λειτουργίας του Ταμείου Χρηματοπιστωτικής Σταθερότητας και του Συνεγγυητικού Κεφαλαίου Εξασφάλισης Επενδυτικών Υπηρεσιών, εκσυγχρονισμός Οργανισμού Διαχείρισης Δημοσίου Χρέους και άλλες επείγουσες διατάξεις.",113 A'/16.06.2022,https://www.hellenicparliament.gr/Nomothetiko-Ergo/Anazitisi-Nomothetikou-Ergou?law_id=ef30faca-1712-4d29-8a3e-aea90189a642
796,"Δημόσια Διαβούλευση του Σχεδίου Νόμου «Θεσμικό πλαίσιο για τους αγροτικούς συνεταιρισμούς, τις συλλογικές οργανώσεις και την επιχειρηματικότητα του αγροτικού κόσμου – Οργάνωση της εποπτείας του Κράτους»",http://www.opengov.gr/ypaat/?p=194,1234,"Θεσμικό πλαίσιο για τους αγροτικούς συνεταιρισμούς, τις συλλογικές οργανώσεις και την επιχειρηματικότητα του αγροτικού κόσμου – Οργάνωση της εποπτείας του Κράτους.",210 A'/21.09.2011,https://www.hellenicparliament.gr/Nomothetiko-Ergo/Anazitisi-Nomothetikou-Ergou?law_id=558c6e8d-3227-419a-b87c-e63e89acbca3
805,Δημόσια Διαβούλευση για την κύρωση της Πράξης Νομοθετικού Περιεχομένου για την «Αναστολή προθεσμιών και εργασιών του Διοικητικού Πρωτοδικείου και του Διοικητικού Εφετείου Αθηνών»,http://www.opengov.gr/ministryofjustice/?p=897,1235,«Κύρωση της από 8 Ιανουαρίου 2011 Πράξης Νομοθετικού Περιεχομένου «Αναστολή προθεσμιών και εργασιών του Διοικητικού Πρωτοδικείου και του Διοικητικού Εφετείου Αθηνών» και άλλες διατάξεις»,68 Α'/05.04.2011,https://www.hellenicparliament.gr/Nomothetiko-Ergo/Anazitisi-Nomothetikou-Ergou?law_id=51d695da-50f3-4de9-a469-326e1213e8d3
806,Δημόσια Διαβούλευση για το Σχέδιο Νόμου «Ενιαία Αρχή Δημοσίων Συμβάσεων»,http://www.opengov.gr/ypoian/?p=1663,1236,Ενιαία Αρχή Δημοσίων Συμβάσεων και άλλες διατάξεις του Υπουργείου Δικαιοσύνης,59 Α'/17.03.2022,https://www.hellenicparliament.gr/Nomothetiko-Ergo/Anazitisi-Nomothetikou-Ergou?law_id=494f135a-bdc1-4208-9a12-ae4d00bd35c5
812,Δημόσια Διαβούλευση για το Προσχέδιο Νόμου «Αρχή της Επαγγελματικής Ελευθερίας. Κατάργηση Αδικαιολόγητων Περιορισμών στην Πρόσβαση και Άσκηση Επαγγελμάτων»,http://www.opengov.gr/minfin/?p=558,1237,Αρχή της επαγγελματικής ελευθερίας. Κατάργηση αδικαιολόγητων περιορισμών στην πρόσβαση και άσκηση επαγγελμάτων,32 A'/02.03.2011,https://www.hellenicparliament.gr/Nomothetiko-Ergo/Anazitisi-Nomothetikou-Ergou?law_id=7143cdea-13be-45f5-acbd-69349b9d5682
818,"Δημόσια Διαβούλευση για το Σχέδιο Νόμου «Σύσταση Αρχής Καταπολέμησης της Νομιμοποίησης Εσόδων από Εγκληματικές Δραστηριότητες και της Χρηματοδότησης της Τρομοκρατίας, και Ελέγχου των Δηλώσεων Περιουσιακής Κατάστασης»",http://www.opengov.gr/ministryofjustice/?p=789,1239,"Σύσταση αρχής καταπολέμησης της νομιμοποίησης εσόδων από εγκληματικές δραστηριότητες και της χρηματοδότησης της τρομοκρατίας, και ελέγχου των δηλώσεων περιουσιακής κατάστασης",49 Α'/10.03.2011,https://www.hellenicparliament.gr/Nomothetiko-Ergo/Anazitisi-Nomothetikou-Ergou?law_id=51d65685-1516-4453-8e6e-4ed82886094e
820,Δημόσια Διαβούλευση για το Σχέδιο Νόμου «Διαρθρωτικές αλλαγές στο σύστημα υγείας και άλλες διατάξεις»,http://www.opengov.gr/yyka/?p=87,1240,Διαρθρωτικές αλλαγές στο σύστημα υγείας και άλλες διατάξεις,31 A'/02.03.2011,https://www.hellenicparliament.gr/Nomothetiko-Ergo/Anazitisi-Nomothetikou-Ergou?law_id=4d79ac10-6903-4eef-9ba3-95fffe42a9f4
824,"Δημόσια Διαβούλευση για το Σχέδιο Νόμου «Ενίσχυση Ιδιωτικών Επενδύσεων για την Οικονομική Ανάπτυξη, την Επιχειρηματικότητα  και την Περιφερειακή Συνοχή»",http://www.opengov.gr/ypoian/?p=1379,1242,"Ενίσχυση Ιδιωτικών Επενδύσεων για την Οικονομική Ανάπτυξη, την Επιχειρηματικότητα και την Περιφερειακή Συνοχή",8 Α'/01.02.2011,https://www.hellenicparliament.gr/Nomothetiko-Ergo/Anazitisi-Nomothetikou-Ergou?law_id=81ec7366-5826-4069-91c7-103e1317a9f1
825,Δημόσια Διαβούλευση επι του Σχεδίου Νόμου «Σύσταση Αρχηγείου Λιμενικού Σώματος – Ελληνικής Ακτοφυλακής και άλλες διατάξεις»,http://www.opengov.gr/yptp/?p=338,1243,Σύσταση Αρχηγείου Λιμενικού Σώματος – Ελληνικής Ακτοφυλακής και άλλες διατάξεις,35 A'/04.03.2011,https://www.hellenicparliament.gr/Nomothetiko-Ergo/Anazitisi-Nomothetikou-Ergou?law_id=bf0d4026-1092-4684-a79b-a5e114e3aeb2
826,Δημόσια Διαβούλευση για την «Ειδική διαδικασία αδειοδότησης στην οποία υπάγεται η εγκατάσταση Τυποποιημένων Κατασκευών Κεραιών»,http://www.opengov.gr/yme/?p=718,1244,"Περί Ηλεκτρονικών Επικοινωνιών και άλλες διατάξειςΕΙΣΗΓΗΤΕΣ: Ι. Γαρουφαλιάς, Ε. Στρατάκης.",13 Α'/03.02.2006,https://www.hellenicparliament.gr/Nomothetiko-Ergo/Anazitisi-Nomothetikou-Ergou?law_id=a237d802-6f46-44aa-b341-d4d83477cf7a
827,Δημόσια Διαβούλευση για την Εθνική Στρατηγική για την Ανώτατη Εκπαίδευση,http://www.opengov.gr/ypepth/?p=400,1245,Εθνική στρατηγική για την προστασία και διαχείριση του θαλάσσιου περιβάλλοντος - Εναρμόνιση με την οδηγία 2008/56/ΕΚ του Ευρωπαϊκού Κοινοβουλίου και του Συμβουλίου της 17ης Ιουνίου 2008 και άλλες διατάξεις,144 Α'/17.06.2011,https://www.hellenicparliament.gr/Nomothetiko-Ergo/Anazitisi-Nomothetikou-Ergou?law_id=2d4abe6c-4db0-4a72-ab25-bd63411c1112
829,Δημόσια Διαβούλευση για το Σχέδιο Νόμου: «Σύσταση Γραφείου Αντιμετώπισης Περιστατικών Αυθαιρεσίας στο Υπουργείο Προστασίας του Πολίτη και άλλες διατάξεις»,http://www.opengov.gr/yptp/?p=257,1246,Σύσταση Γραφείου Αντιμετώπισης Περιστατικών Αυθαιρεσίας στο Υπουργείο Προστασίας του Πολίτη και άλλες διατάξεις,61 A'/31.03.2011,https://www.hellenicparliament.gr/Nomothetiko-Ergo/Anazitisi-Nomothetikou-Ergou?law_id=1cfc3cd8-faac-49d9-884b-c4f0da07e393
832,Δημόσια Διαβούλευση για το Σχέδιο Νόμου «Σύσταση Εθνικού Ταμείου Επιχειρηματικότητας και Ανάπτυξης»,http://www.opengov.gr/ypoian/?p=1306,1247,Σύσταση Εθνικού Ταμείου Επιχειρηματικότητας και Ανάπτυξης,17 Α'/17.02.2011,https://www.hellenicparliament.gr/Nomothetiko-Ergo/Anazitisi-Nomothetikou-Ergou?law_id=8986d8a4-29f2-4f27-b071-ba44bb4b5d4b
835,"Δημόσια Διαβούλευση του Σχέδιο νόμου «Ίδρυση Υπηρεσίας Ασύλου και Υπηρεσίας Πρώτης Υποδοχής, προσαρμογή της ελληνικής νομοθεσίας προς τις διατάξεις της Οδηγίας 2008/115/ΕΚ «σχετικά με τους κοινούς κανόνες και διαδικασίες στα κράτη μέλη για την επιστροφή των παρανόμως διαμενόντων υπηκόων τρίτων χωρών» και λοιπές διατάξεις»",http://www.opengov.gr/yptp/?p=160,1248,"Ίδρυση Υπηρεσίας Ασύλου και Υπηρεσίας Πρώτης Υποδοχής, προσαρμογή της ελληνικής νομοθεσίας προς τις διατάξεις της Οδηγίας 2008/115/ΕΚ «σχετικά με τους κοινούς κανόνες και διαδικασίες στα κράτη μέλη για την επιστροφή των παρανόμως διαμενόντων υπηκόων τρίτων χωρών» και λοιπές διατάξεις",7 Α'/26.01.2011,https://www.hellenicparliament.gr/Nomothetiko-Ergo/Anazitisi-Nomothetikou-Ergou?law_id=91b1ed40-087c-4fe1-b571-bb6d99cba944
837,Δημόσια Διαβούλευση για το Σχέδιο Νόμου «Ενίσχυση και ανάπτυξη της κινηματογραφικής τέχνης»,http://www.opengov.gr/tourism/?p=39,1249,Ενίσχυση και ανάπτυξη της κινηματογραφικής τέχνης και άλλες διατάξεις.,219 Α'/23.12.2010,https://www.hellenicparliament.gr/Nomothetiko-Ergo/Anazitisi-Nomothetikou-Ergou?law_id=abaf5f28-21ef-48b8-b61d-bf3e4a48b3eb
843,Δημόσια Διαβούλευση για το Σχέδιο Νόμου «Πιστοποίηση των Μηχανοδηγών και Άλλες Διατάξεις»,http://www.opengov.gr/yme/?p=633,1252,Πιστοποίηση των μηχανοδηγών και άλλες διατάξεις,12 Α'/08.02.2011,https://www.hellenicparliament.gr/Nomothetiko-Ergo/Anazitisi-Nomothetikou-Ergou?law_id=be4d202e-d5ef-42fc-a1a7-05af4264e414
848,Δημόσια Διαβούλευση του Σχεδίου Νόμου «Εξορθολογισμός διαδικασιών και επιτάχυνση της διοικητικής δίκης»,http://www.opengov.gr/ministryofjustice/?p=552,1254,Εξορθολογισμός διαδικασιών και επιτάχυνση της διοικητικής δίκης και άλλες διατάξεις.,213 Α'/17.12.2010,https://www.hellenicparliament.gr/Nomothetiko-Ergo/Anazitisi-Nomothetikou-Ergou?law_id=9f66f052-b60f-49a9-9124-e79f0c49208f
849,"Δημόσια Διαβούλευση του Σχεδίου Νόμου «Αναδιάρθρωση, εξυγίανση και ανάπτυξη του ομίλου ΟΣΕ και της ΤΡΑΙΝΟΣΕ και άλλες διατάξεις για το σιδηροδρομικό τομέα»",http://www.opengov.gr/yme/?p=451,1255,"Αναδιάρθρωση, εξυγίανση και ανάπτυξη του ομίλου ΟΣΕ και της ΤΡΑΙΝΟΣΕ και άλλες διατάξεις για το σιδηροδρομικό τομέα.",188 Α'/04.11.2010,https://www.hellenicparliament.gr/Nomothetiko-Ergo/Anazitisi-Nomothetikou-Ergou?law_id=0bc9a08f-629a-4f53-a114-8ef33bc108f0
855,"Δημόσια διαβούλευση για το «Εθνικό Σχέδιο Δράσης για την Ενίσχυση της Έρευνας, της Τεχνολογικής Ανάπτυξης και της Καινοτομίας»",http://www.opengov.gr/ypepth/?p=315,1256,"Οργάνωση και λειτουργία των υπηρεσιών Δημόσιας Υγείας και λοιπές διατάξεις. ΕΙΣΗΓΗΤΕΣ: Π.Μελάς, Λ. Γρηγοράκος",176 Α'/11.07.2005,https://www.hellenicparliament.gr/Nomothetiko-Ergo/Anazitisi-Nomothetikou-Ergou?law_id=909b6cf3-3ff7-46b5-9de6-68a35476e992
857,Δημόσια Διαβούλευση «Διαδικασία έκδοσης αδειών εγκατάστασης και λειτουργίας σταθμών παραγωγής ηλεκτρικής ενέργειας από ανανεώσιμες πηγές ενέργειας (Α.Π.Ε.) και συμπαραγωγή ηλεκτρισμού και θερμότητας υψηλής απόδοσης (Σ.Η.Θ.Υ.Α)»,http://www.opengov.gr/minenv/?p=1036,1258,"Παραγωγή Ηλεκτρικής Ενέργειας από Ανανεώσιμες Πηγές Ενέργειας και Συμπαραγωγή Ηλεκτρισμού και Θερμότητας Υψηλής Απόδοσης και λοιπές διατάξειςΕΙΣΗΓΗΤΕΣ: Γ. Δεικτάκης, Α. Παπαγεωργίου",129 Α'/27.06.2006,https://www.hellenicparliament.gr/Nomothetiko-Ergo/Anazitisi-Nomothetikou-Ergou?law_id=20ac3870-6dd3-483d-af41-db0e61acce9f
864,Σχέδιο νόμου «Αναδιοργάνωση της Υπηρεσίας Πολιτικής Αεροπορίας (Υ.Π.Α.) και άλλες διατάξεις»,http://www.opengov.gr/yme/?p=268,1259,Αναδιοργάνωση της Υπηρεσίας Πολιτικής Αεροπορίας και άλλες διατάξεις,18 Α'/17.02.2011,https://www.hellenicparliament.gr/Nomothetiko-Ergo/Anazitisi-Nomothetikou-Ergou?law_id=90bc7e16-c54d-42ca-bc94-2622c4245c35
868,"«Εκλογικές δαπάνες συνδυασμών και υποψηφίων και έλεγχος αυτών, κατά τις περιφερειακές και δημοτικές εκλογές»",http://www.opengov.gr/ypes/?p=783,1260,"Εκλογικές δαπάνες συνδυασμών και υποψηφίων και έλεγχος αυτών, κατά τις περιφερειακές και δημοτικές εκλογές",138 A'/09.08.2010,https://www.hellenicparliament.gr/Nomothetiko-Ergo/Anazitisi-Nomothetikou-Ergou?law_id=96f7fbd2-2fce-427e-b277-7c3cf7b22c99
870,Σχέδιο Νόμου «Εκτέλεση Περιηγητικών Πλοών απο Πλοία με Σημαία Τρίτων Χωρών με Αφετηρία Ελληνικό Λιμένα»,http://www.opengov.gr/ypoian/?p=1099,1262,Εκτέλεση περιηγητικών πλόων από πλοία με σημαία τρίτων χωρών με αφετηρία ελληνικό λιμένα και άλλες διατάξεις,148 A'/03.09.2010,https://www.hellenicparliament.gr/Nomothetiko-Ergo/Anazitisi-Nomothetikou-Ergou?law_id=5f57dd0c-2736-4e10-80bc-f968cc7447dd
875,Εθνική Υποδομή Γεωχωρικών Πληροφοριών – Εναρμόνιση με την οδηγία 2007/2/ΕΚ του Ευρωπαϊκού Κοινοβουλίου και του Συμβουλίου της 14ης Μαρτίου 2007. Τροποποίηση του Ν. 1647/1986 ‘Οργανισμός Κτηματολογίου και Χαρτογραφήσεων Ελλάδας (ΟΚΧΕ) και άλλες διατάξεις» (Α΄141),http://www.opengov.gr/minenv/?p=757,1263,Εθνική Υποδομή Γεωχωρικών Πληροφοριών - Εναρμόνιση με την οδηγία 2007/2/ΕΚ του Ευρωπαϊκού  Κοινοβουλίου και του Συμβουλίου της 14ης Μαρτίου 2007 και άλλες διατάξεις. Τροποποίηση του Ν. 1647/1986 «Οργανισμός Κτηματολογίου και Χαρτογραφήσεων Ελλάδας (ΟΚΧΕ) και άλλες σχετικές διατάξεις»  (ΦΕΚ 141 Α'),166 A'/22.09.2010,https://www.hellenicparliament.gr/Nomothetiko-Ergo/Anazitisi-Nomothetikou-Ergou?law_id=3cb58c78-3324-45c1-9a11-d6f87321c898
878,Σχέδιο Νόμου «Δικαστική Προστασία κατα τη Σύναψη Δημοσίων Συμβάσεων Σύμφωνα με την Οδηγία 2007/66»,http://www.opengov.gr/ministryofjustice/?p=351,1265,"Δικαστική προστασία κατά τη σύναψη δημοσίων συμβάσεων - Εναρμόνιση της ελληνικής νομοθεσίας με την Οδηγία 89/665/ΕΟΚ του Συμβουλίου της 21ης Ιουνίου 1989 (L 395) και την Οδηγία 92/13/ΕΟΚ του Συμβουλίου της 25ης Φεβρουαρίου 1992 (L 76), όπως τροποποιήθηκαν με την Οδηγία 2007/66/ΕΚ του Ευρωπαϊκού Κοινοβουλίου και του ΣΥμβουλίου της 11ης Δεκεμβρίου 2007 (L 335)",173 A'/30.09.2010,https://www.hellenicparliament.gr/Nomothetiko-Ergo/Anazitisi-Nomothetikou-Ergou?law_id=3c44c36c-1cbe-49ca-807d-f4bc0060d6c0
880,Εθνική Στρατηγική για την επιμόρφωση των εκπαιδευτικών,http://www.opengov.gr/ypepth/?p=215,1266,Εθνική στρατηγική για την προστασία και διαχείριση του θαλάσσιου περιβάλλοντος - Εναρμόνιση με την οδηγία 2008/56/ΕΚ του Ευρωπαϊκού Κοινοβουλίου και του Συμβουλίου της 17ης Ιουνίου 2008 και άλλες διατάξεις,144 Α'/17.06.2011,https://www.hellenicparliament.gr/Nomothetiko-Ergo/Anazitisi-Nomothetikou-Ergou?law_id=2d4abe6c-4db0-4a72-ab25-bd63411c1112
